1,2,3,4,5,6,7,8,9,10,11,12,13,14,15,16,17,18,19,20,21,22,23,24,25,26,27,28,29,30
id,type,onsex,price,currency,BuyLevel,buy,sell,validity,use,delete,trade,Leiji,出售,新品/热卖,name,explanation,function,Show3D,MeshPath,PicName,PicSize,PicOffset,Distance,PosY,Posx,Roty,RotX,SellScale,PutOnScale
1000,0,-1,0,0,0,1,1,0,1,1,1,1,1,,坏晶体,提炼炉提炼失败产生的物质,,0,,res/UI/factory/el.dds,"45,60","0,0",0,0,0,0,0,0,0
1001,0,-1,0,0,0,1,1,0,1,1,1,1,2,,生铁,生产赛车的基础原料,,0,res/ui/saled/raw1.png,res/ui/factory/el.dds,"45,60","0,0",0,0,0,0,0,0,0
1002,0,-1,0,0,0,1,1,0,1,1,1,1,2,,石棉纤维,生产赛车的基础原料,,0,res/ui/saled/raw2.png,res/ui/factory/el.dds,"45,60","0,-60",0,0,0,0,0,0,0
1003,0,-1,0,0,0,1,1,0,1,1,1,1,2,,普通塑胶,生产赛车的基础原料,,0,res/ui/saled/raw3.png,res/ui/factory/el.dds,"45,60","0,-120",0,0,0,0,0,0,0
1004,0,-1,0,0,0,1,1,0,1,1,1,1,2,,一级紫晶体,生产赛车的基础原料,,0,,res/ui/factory/el.dds,"45,60","0,0",0,0,0,0,0,0,0
1005,0,-1,0,0,0,1,1,0,1,1,1,1,2,,一级白晶体,生产赛车的基础原料,,0,,res/ui/factory/el.dds,"45,60","0,0",0,0,0,0,0,0,0
1006,0,-1,0,0,0,1,1,0,1,1,1,1,2,,一级黑晶体,生产赛车的基础原料,,0,,res/ui/factory/el.dds,"45,60","0,0",0,0,0,0,0,0,0
1007,0,-1,0,0,0,1,1,0,1,1,1,1,2,,纯钢,生产赛车的基础原料,,0,res/ui/saled/raw1.png,res/ui/factory/el.dds,"45,60","-45,0",0,0,0,0,0,0,0
1008,0,-1,0,0,0,1,1,0,1,1,1,1,2,,树脂纤维,生产赛车的基础原料,,0,res/ui/saled/raw2.png,res/ui/factory/el.dds,"45,60","-45,-60",0,0,0,0,0,0,0
1009,0,-1,0,0,0,1,1,0,1,1,1,1,2,,耐磨塑胶,生产赛车的基础原料,,0,res/ui/saled/raw3.png,res/ui/factory/el.dds,"45,60","-45,-120",0,0,0,0,0,0,0
1010,0,-1,0,0,0,1,1,0,1,1,1,1,2,,二级紫晶体,生产赛车的基础原料,,0,,res/ui/factory/el.dds,"45,60","0,0",0,0,0,0,0,0,0
1011,0,-1,0,0,0,1,1,0,1,1,1,1,2,,二级白晶体,生产赛车的基础原料,,0,,res/ui/factory/el.dds,"45,60","0,0",0,0,0,0,0,0,0
1012,0,-1,0,0,0,1,1,0,1,1,1,1,2,,二级黑晶体,生产赛车的基础原料,,0,,res/ui/factory/el.dds,"45,60","0,0",0,0,0,0,0,0,0
1013,0,-1,0,0,0,1,1,0,1,1,1,1,2,,合金,生产赛车的基础原料,,0,res/ui/saled/raw1.png,res/ui/factory/el.dds,"45,60","-90,0",0,0,0,0,0,0,0
1014,0,-1,0,0,0,1,1,0,1,1,1,1,2,,玻璃纤维,生产赛车的基础原料,,0,res/ui/saled/raw2.png,res/ui/factory/el.dds,"45,60","-90,-60",0,0,0,0,0,0,0
1015,0,-1,0,0,0,1,1,0,1,1,1,1,2,,高密度塑胶,生产赛车的基础原料,,0,res/ui/saled/raw3.png,res/ui/factory/el.dds,"45,60","-90,-120",0,0,0,0,0,0,0
1016,0,-1,0,0,0,1,1,0,1,1,1,1,2,,三级紫晶体,生产赛车的基础原料,,0,,res/ui/factory/el.dds,"45,60","0,0",0,0,0,0,0,0,0
1017,0,-1,0,0,0,1,1,0,1,1,1,1,2,,三级白晶体,生产赛车的基础原料,,0,,res/ui/factory/el.dds,"45,60","0,0",0,0,0,0,0,0,0
1018,0,-1,0,0,0,1,1,0,1,1,1,1,2,,三级黑晶体,生产赛车的基础原料,,0,,res/ui/factory/el.dds,"45,60","0,0",0,0,0,0,0,0,0
1019,0,-1,0,0,0,1,1,0,1,1,1,1,2,,铝合金,生产赛车的基础原料,,0,res/ui/saled/raw1.png,res/ui/factory/el.dds,"45,60","-135,0",0,0,0,0,0,0,0
1020,0,-1,0,0,0,1,1,0,1,1,1,1,2,,耐高温纤维,生产赛车的基础原料,,0,res/ui/saled/raw2.png,res/ui/factory/el.dds,"45,60","-135,-60",0,0,0,0,0,0,0
1021,0,-1,0,0,0,1,1,0,1,1,1,1,2,,导热塑胶,生产赛车的基础原料,,0,res/ui/saled/raw3.png,res/ui/factory/el.dds,"45,60","-135,-120",0,0,0,0,0,0,0
1022,0,-1,0,0,0,1,1,0,1,1,1,1,2,,四级紫晶体,生产赛车的基础原料,,0,,res/ui/factory/el.dds,"45,60","0,0",0,0,0,0,0,0,0
1023,0,-1,0,0,0,1,1,0,1,1,1,1,2,,四级白晶体,生产赛车的基础原料,,0,,res/ui/factory/el.dds,"45,60","0,0",0,0,0,0,0,0,0
1024,0,-1,0,0,0,1,1,0,1,1,1,1,2,,四级黑晶体,生产赛车的基础原料,,0,,res/ui/factory/el.dds,"45,60","0,0",0,0,0,0,0,0,0
1025,0,-1,0,0,0,1,1,0,1,1,1,1,2,,超合金,生产赛车的基础原料,,0,res/ui/saled/raw1.png,res/ui/factory/el.dds,"45,60","-180,0",0,0,0,0,0,0,0
1026,0,-1,0,0,0,1,1,0,1,1,1,1,2,,碳纤维,生产赛车的基础原料,,0,res/ui/saled/raw2.png,res/ui/factory/el.dds,"45,60","-180,-60",0,0,0,0,0,0,0
1027,0,-1,0,0,0,1,1,0,1,1,1,1,2,,聚碳塑胶,生产赛车的基础原料,,0,res/ui/saled/raw3.png,res/ui/factory/el.dds,"45,60","-180,-120",0,0,0,0,0,0,0
1028,0,-1,0,0,0,1,1,0,1,1,1,1,2,,五级紫晶体,生产赛车的基础原料,,0,,res/ui/factory/el.dds,"45,60","0,0",0,0,0,0,0,0,0
1029,0,-1,0,0,0,1,1,0,1,1,1,1,2,,五级白晶体,生产赛车的基础原料,,0,,res/ui/factory/el.dds,"45,60","0,0",0,0,0,0,0,0,0
1030,0,-1,0,0,0,1,1,0,1,1,1,1,2,,五级黑晶体,生产赛车的基础原料,,0,,res/ui/factory/el.dds,"45,60","0,0",0,0,0,0,0,0,0
1031,0,-1,0,0,0,1,1,0,1,1,1,1,2,,六级橙晶体,生产赛车的基础原料,,0,res/ui/saled/raw1.png,res/ui/factory/el.dds,"45,60","-225,0",0,0,0,0,0,0,0
1032,0,-1,0,0,0,1,1,0,1,1,1,1,2,,六级红晶体,生产赛车的基础原料,,0,res/ui/saled/raw2.png,res/ui/factory/el.dds,"45,60","-225,-60",0,0,0,0,0,0,0
1033,0,-1,0,0,0,1,1,0,1,1,1,1,2,,六级绿晶体,生产赛车的基础原料,,0,res/ui/saled/raw3.png,res/ui/factory/el.dds,"45,60","-225,-120",0,0,0,0,0,0,0
1034,0,-1,0,0,0,1,1,0,1,1,1,1,2,,六级紫晶体,生产赛车的基础原料,,0,,res/ui/factory/el.dds,"45,60","0,0",0,0,0,0,0,0,0
1035,0,-1,0,0,0,1,1,0,1,1,1,1,2,,六级白晶体,生产赛车的基础原料,,0,,res/ui/factory/el.dds,"45,60","0,0",0,0,0,0,0,0,0
1036,0,-1,0,0,0,1,1,0,1,1,1,1,2,,六级黑晶体,生产赛车的基础原料,,0,,res/ui/factory/el.dds,"45,60","0,0",0,0,0,0,0,0,0
1037,0,-1,0,0,0,1,1,0,1,1,1,1,2,,七级橙晶体,生产赛车的基础原料,,0,res/ui/saled/raw1.png,res/ui/factory/el.dds,"45,60","-270,0",0,0,0,0,0,0,0
1038,0,-1,0,0,0,1,1,0,1,1,1,1,2,,七级红晶体,生产赛车的基础原料,,0,res/ui/saled/raw2.png,res/ui/factory/el.dds,"45,60","-270,-60",0,0,0,0,0,0,0
1039,0,-1,0,0,0,1,1,0,1,1,1,1,2,,七级绿晶体,生产赛车的基础原料,,0,res/ui/saled/raw3.png,res/ui/factory/el.dds,"45,60","-270,-120",0,0,0,0,0,0,0
1040,0,-1,0,0,0,1,1,0,1,1,1,1,2,,七级紫晶体,生产赛车的基础原料,,0,,res/ui/factory/el.dds,"45,60","0,0",0,0,0,0,0,0,0
1041,0,-1,0,0,0,1,1,0,1,1,1,1,2,,七级白晶体,生产赛车的基础原料,,0,,res/ui/factory/el.dds,"45,60","0,0",0,0,0,0,0,0,0
1042,0,-1,0,0,0,1,1,0,1,1,1,1,2,,七级黑晶体,生产赛车的基础原料,,0,,res/ui/factory/el.dds,"45,60","0,0",0,0,0,0,0,0,0
1043,0,-1,0,0,0,1,1,0,1,1,1,1,2,,八级橙晶体,生产赛车的基础原料,,0,res/ui/saled/Raw1.png,res/ui/factory/el.dds,"45,60","-315,0",0,0,0,0,0,0,0
1044,0,-1,0,0,0,1,1,0,1,1,1,1,2,,八级红晶体,生产赛车的基础原料,,0,res/ui/saled/Raw2.png,res/ui/factory/el.dds,"45,60","-315,-60",0,0,0,0,0,0,0
1045,0,-1,0,0,0,1,1,0,1,1,1,1,2,,八级绿晶体,生产赛车的基础原料,,0,res/ui/saled/Raw3.png,res/ui/factory/el.dds,"45,60","-315,-120",0,0,0,0,0,0,0
1046,0,-1,0,0,0,1,1,0,1,1,1,1,2,,八级紫晶体,生产赛车的基础原料,,0,,res/UI/factory/el.dds,"45,60","0,0",0,0,0,0,0,0,0
1047,0,-1,0,0,0,1,1,0,1,1,1,1,2,,八级白晶体,生产赛车的基础原料,,0,,res/UI/factory/el.dds,"45,60","0,0",0,0,0,0,0,0,0
1048,0,-1,0,0,0,1,1,0,1,1,1,1,2,,八级黑晶体,生产赛车的基础原料,,0,,res/UI/factory/el.dds,"45,60","0,0",0,0,0,0,0,0,0
1049,0,-1,0,0,0,1,1,0,1,1,1,1,2,,九级橙晶体,生产赛车的基础原料,,0,res/ui/saled/raw1.png,res/ui/factory/el.dds,"45,60","-360,0",0,0,0,0,0,0,0
1050,0,-1,0,0,0,1,1,0,1,1,1,1,2,,九级红晶体,生产赛车的基础原料,,0,res/ui/saled/raw2.png,res/ui/factory/el.dds,"45,60","-360,-60",0,0,0,0,0,0,0
1051,0,-1,0,0,0,1,1,0,1,1,1,1,2,,九级绿晶体,生产赛车的基础原料,,0,res/ui/saled/raw3.png,res/ui/factory/el.dds,"45,60","-360,-120",0,0,0,0,0,0,0
1052,0,-1,0,0,0,1,1,0,1,1,1,1,2,,九级紫晶体,生产赛车的基础原料,,0,,res/ui/factory/el.dds,"45,60","0,0",0,0,0,0,0,0,0
1053,0,-1,0,0,0,1,1,0,1,1,1,1,2,,九级白晶体,生产赛车的基础原料,,0,,res/ui/factory/el.dds,"45,60","0,0",0,0,0,0,0,0,0
1054,0,-1,0,0,0,1,1,0,1,1,1,1,2,,九级黑晶体,生产赛车的基础原料,,0,,res/ui/factory/el.dds,"45,60","0,0",0,0,0,0,0,0,0
1055,0,-1,0,0,0,1,1,0,1,1,1,1,2,,十级橙晶体,生产赛车的基础原料,,0,res/ui/saled/raw1.png,res/ui/factory/el.dds,"45,60","-405,0",0,0,0,0,0,0,0
1056,0,-1,0,0,0,1,1,0,1,1,1,1,2,,十级红晶体,生产赛车的基础原料,,0,res/ui/saled/raw2.png,res/ui/factory/el.dds,"45,60","-405,-60",0,0,0,0,0,0,0
1057,0,-1,0,0,0,1,1,0,1,1,1,1,2,,十级绿晶体,生产赛车的基础原料,,0,res/ui/saled/raw3.png,res/ui/factory/el.dds,"45,60","-405,-120",0,0,0,0,0,0,0
1058,0,-1,0,0,0,1,1,0,1,1,1,1,2,,十级紫晶体,生产赛车的基础原料,,0,,res/UI/factory/el.dds,"45,60","0,0",0,0,0,0,0,0,0
1059,0,-1,0,0,0,1,1,0,1,1,1,1,2,,十级白晶体,生产赛车的基础原料,,0,,res/UI/factory/el.dds,"45,60","0,0",0,0,0,0,0,0,0
1060,0,-1,0,0,0,1,1,0,1,1,1,1,2,,十级黑晶体,生产赛车的基础原料,,0,,res/UI/factory/el.dds,"45,60","0,0",0,0,0,0,0,0,0
14001,1,0,0,0,0,1,1,0,1,1,1,0,5,,男面部0,,,1,res/model/avatar/boy/face/saiche_boy_basicface_0.dat,,,,-40,50,0,0,0.22,1,1
14501,1,1,0,0,0,1,1,0,1,1,1,0,5,,女面部0,,,1,res/model/avatar/girl/face/saiche_girl_basicface_0.dat,,,,-40,50,0,0,0.22,1,1
2001,2,0,0,0,0,1,1,0,1,1,1,0,5,,男头发0,,,1,res/model/avatar/boy/hair/saiche_boy_hair_0.dat,,,,-40,55,0,0,0.1,1,1
2002,2,0,0,0,0,1,1,7,1,1,1,1,10,,车手帽,,,1,res/model/avatar/boy/hair/saiche_boy_hair_1.dat,,,,-40,53,0,0,0.1,1,1
2003,2,0,0,0,0,1,1,7,1,1,1,1,10,,小恶魔帽,,,1,res/model/avatar/boy/hair/saiche_boy_hair_15.dat,,,,-40,53,0,0,0.1,1,1
2004,2,0,0,0,0,1,1,7,1,1,1,1,10,,邮递员帽,,,1,res/model/avatar/boy/hair/saiche_boy_hair_27.dat,,,,-40,53,0,0,0.1,1,1
2005,2,0,0,0,0,1,1,7,1,1,1,1,10,,反恐头盔,,,1,res/model/avatar/boy/hair/saiche_boy_hair_3.dat,,,,-40,53,0,0,0.1,1,1
2006,2,0,0,0,0,1,1,7,1,1,1,1,10,,时尚帽子,,,1,res/model/avatar/boy/hair/saiche_boy_hair_5.dat,,,,-40,53,0,0,0.1,1,1
2007,2,0,0,0,0,1,1,7,1,1,1,1,10,,唐装帽,,,1,res/model/avatar/boy/hair/saiche_boy_hair_6.dat,,,,-40,53,0,0,0.2,1,1
2008,2,0,0,0,0,1,1,7,1,1,1,1,10,,海盗头巾,,,1,res/model/avatar/boy/hair/saiche_boy_hair_9.dat,,,,-40,53,0,0,0.2,1,1
2009,2,0,0,0,0,1,1,7,1,1,1,1,10,,日常发型,,,1,res/model/avatar/boy/hair/saiche_boy_hair_30.dat,,,,-40,53,0,0,0.2,1,1
2010,2,0,0,0,0,1,1,7,1,1,1,1,10,,休闲发型,,,1,res/model/avatar/boy/hair/saiche_boy_hair_31.dat,,,,-40,53,0,0,0.2,1,1
2011,2,0,0,0,0,1,1,7,1,1,1,1,10,,潮人发型,,,1,res/model/avatar/boy/hair/saiche_boy_hair_32.dat,,,,-40,53,0,0,0.2,1,1
2012,2,0,0,0,0,1,1,7,1,1,1,1,10,,情侣发型,,,1,res/model/avatar/boy/hair/saiche_boy_hair_33.dat,,,,-40,53,0,0,0.2,1,1
2013,2,0,0,0,0,1,1,7,1,1,1,1,10,,摇滚发型,,,1,res/model/avatar/boy/hair/saiche_boy_hair_34.dat,,,,-40,53,0,0,0.2,1,1
2014,2,0,0,0,0,1,1,7,1,1,1,1,10,,野人,,,1,res/model/mesh/boy/hair/boy_hair13.dat,,,,-40,53,0,0,0.2,1,1
2015,2,0,0,0,0,1,1,7,1,1,1,1,10,,将令头盔,,,1,res/model/mesh/boy/hair/boy_hair14.dat,,,,-40,53,0,0,0.2,1,1
2016,2,0,0,0,0,1,1,7,1,1,1,1,10,,唐僧帽,,,1,res/model/mesh/boy/hair/boy_hair16.dat,,,,-40,53,0,0,0.2,1,1
2017,2,0,0,0,0,1,1,7,1,1,1,1,10,,三国帽,,,1,res/model/mesh/boy/hair/boy_hair18.dat,,,,-40,53,0,0,0.2,1,1
2018,2,0,0,0,0,1,1,7,1,1,1,1,10,,水手帽,,,1,res/model/mesh/boy/hair/boy_hair20.dat,,,,-40,53,0,0,0.2,1,1
2019,2,0,0,0,0,1,1,7,1,1,1,1,10,,斗士头盔,,,1,res/model/mesh/boy/hair/boy_hair21.dat,,,,-40,53,0,0,0.2,1,1
2020,2,0,0,0,0,1,1,7,1,1,1,1,10,,当家头,,,1,res/model/mesh/boy/hair/boy_hair22.dat,,,,-40,53,0,0,0.2,1,1
2021,2,0,0,0,0,1,1,7,1,1,1,1,10,,空军帽,,,1,res/model/mesh/boy/hair/boy_hair23.dat,,,,-40,53,0,0,0.2,1,1
2022,2,0,0,0,0,1,1,7,1,1,1,1,10,,金红头盔,,,1,res/model/mesh/boy/hair/boy_hair24.dat,,,,-40,53,0,0,0.2,1,1
2023,2,0,0,0,0,1,1,7,1,1,1,1,10,,矿工帽,,,1,res/model/mesh/boy/hair/boy_hair25.dat,,,,-40,53,0,0,0.2,1,1
2024,2,0,0,0,0,1,1,7,1,1,1,1,10,,五星帽,,,1,res/model/mesh/boy/hair/boy_hair26.dat,,,,-40,53,0,0,0.2,1,1
2025,2,0,0,0,0,1,1,7,1,1,1,1,10,,红巾包头,,,1,res/model/mesh/boy/hair/boy_hair27.dat,,,,-40,53,0,0,0.2,1,1
2026,2,0,0,0,0,1,1,7,1,1,1,1,10,,黑旋风,,,1,res/model/mesh/boy/hair/boy_hair19.dat,,,,-40,53,0,0,0.2,1,1
2027,2,0,0,0,0,1,1,7,1,1,1,1,10,,圣战士,,,1,res/model/mesh/boy/hair/boy_hair17.dat,,,,-40,53,0,0,0.2,1,1
2028,2,0,0,0,0,1,1,7,1,1,1,1,10,,书生,,,1,res/model/mesh/boy/hair/boy_hair12.dat,,,,-40,53,0,0,0.2,1,1
2029,2,0,0,0,0,1,1,7,1,1,1,1,10,,驾驶员帽,,,1,res/model/mesh/boy/hair/boy_hair28.dat,,,,-40,53,0,0,0.2,1,1
2030,2,0,0,0,0,1,1,7,1,1,1,1,10,,小熊帽,,,1,res/model/mesh/boy/hair/boy_hair32.dat,,,,-40,53,0,0,0.2,1,1
2501,2,1,0,0,0,1,1,0,1,1,1,0,10,,女头发0,,,1,res/model/avatar/girl/Hair/saiche_girl_hair_0.dat,,,,-40,53,0,0,0.2,1,1
2502,2,1,0,0,0,1,1,7,1,1,1,1,10,,新手帽子,,,1,res/model/avatar/girl/Hair/saiche_girl_hair_00.dat,,,,-40,51,0,0,0.2,1,1
2503,2,1,0,0,0,1,1,7,1,1,1,1,10,,背带帽子,,,1,res/model/avatar/girl/Hair/saiche_girl_hair_17.dat,,,,-40,51,0,0,0.2,1,1
2504,2,1,0,0,0,1,1,7,1,1,1,1,10,,礼服头饰,,,1,res/model/avatar/girl/Hair/saiche_girl_hair_19.dat,,,,-40,51,0,0,0.2,1,1
2505,2,1,0,0,0,1,1,7,1,1,1,1,10,,娃娃头,,,1,res/model/avatar/girl/hair/saiche_girl_hair_1.dat,,,,-40,51,0,0,0.2,1,1
2506,2,1,0,0,0,1,1,7,1,1,1,1,10,,女仆帽,,,1,res/model/avatar/girl/hair/saiche_girl_hair_21.dat,,,,-40,51,0,0,0.2,1,1
2507,2,1,0,0,0,1,1,7,1,1,1,1,10,,护士帽,,,1,res/model/avatar/girl/hair/saiche_girl_hair_23.dat,,,,-40,51,0,0,0.2,1,1
2508,2,1,0,0,0,1,1,7,1,1,1,1,10,,便装帽,,,1,res/model/avatar/girl/hair/saiche_girl_hair_3.dat,,,,-40,51,0,0,0.2,1,1
2509,2,1,0,0,0,1,1,7,1,1,1,1,10,,学生头,,,1,res/model/avatar/girl/hair/saiche_girl_hair_5.dat,,,,-40,51,0,0,0.2,1,1
2510,2,1,0,0,0,1,1,7,1,1,1,1,10,,可爱头,,,1,res/model/avatar/girl/hair/saiche_girl_hair_2.dat,,,,-40,51,0,0,0.2,1,1
2511,2,1,0,0,0,1,1,7,1,1,1,1,10,,草莓头饰,,,1,res/model/avatar/girl/hair/saiche_girl_hair_4.dat,,,,-40,51,0,0,0.2,1,1
2512,2,1,0,0,0,1,1,7,1,1,1,1,10,,牛仔帽,,,1,res/model/avatar/girl/hair/saiche_girl_hair_11.dat,,,,-40,51,0,0,0.2,1,1
2513,2,1,0,0,0,1,1,7,1,1,1,1,10,,女佣头饰,,,1,res/model/avatar/girl/hair/saiche_girl_hair_18.dat,,,,-40,51,0,0,0.2,1,1
2514,2,1,0,0,0,1,1,7,1,1,1,1,10,,红色发饰,,,1,res/model/mesh/girl/hair/girl_hair15.dat,,,,-40,53,0,0,0.2,1,1
2515,2,1,0,0,0,1,1,7,1,1,1,1,10,,绒毛头,,,1,res/model/mesh/girl/hair/girl_hair16.dat,,,,-40,53,0,0,0.2,1,1
2516,2,1,0,0,0,1,1,7,1,1,1,1,10,,毛线MM,,,1,res/model/mesh/girl/hair/girl_hair17.dat,,,,-40,53,0,0,0.2,1,1
2517,2,1,0,0,0,1,1,7,1,1,1,1,10,,田园风情,,,1,res/model/mesh/girl/hair/girl_hair18.dat,,,,-40,53,0,0,0.2,1,1
2518,2,1,0,0,0,1,1,7,1,1,1,1,10,,小草莓,,,1,res/model/mesh/girl/hair/girl_hair19.dat,,,,-40,53,0,0,0.2,1,1
2519,2,1,0,0,0,1,1,7,1,1,1,1,10,,粉巾头,,,1,res/model/mesh/girl/hair/girl_hair22.dat,,,,-40,53,0,0,0.2,1,1
2520,2,1,0,0,0,1,1,7,1,1,1,1,10,,护士帽,,,1,res/model/mesh/girl/hair/girl_hair23.dat,,,,-40,53,0,0,0.2,1,1
2521,2,1,0,0,0,1,1,7,1,1,1,1,10,,帅气军帽,,,1,res/model/mesh/girl/hair/girl_hair24.dat,,,,-40,53,0,0,0.2,1,1
2522,2,1,0,0,0,1,1,7,1,1,1,1,10,,粉红棒球帽,,,1,res/model/mesh/girl/hair/girl_hair25.dat,,,,-40,53,0,0,0.2,1,1
2523,2,1,0,0,0,1,1,7,1,1,1,1,10,,紫红棒球帽,,,1,res/model/mesh/girl/hair/girl_hair26.dat,,,,-40,53,0,0,0.2,1,1
2524,2,1,0,0,0,1,1,7,1,1,1,1,10,,淡黄棒球帽,,,1,res/model/mesh/girl/hair/girl_hair27.dat,,,,-40,53,0,0,0.2,1,1
2525,2,1,0,0,0,1,1,7,1,1,1,1,10,,格格头,,,1,res/model/mesh/girl/hair/girl_hair21.dat,,,,-40,53,0,0,0.2,1,1
2526,2,1,0,0,0,1,1,7,1,1,1,1,10,,法师帽,,,1,res/model/mesh/girl/hair/girl_hair9.dat,,,,-40,53,0,0,0.2,1,1
2527,2,1,0,0,0,1,1,7,1,1,1,1,10,,蝴蝶结,,,1,res/model/mesh/girl/hair/girl_hair11.dat,,,,-40,53,0,0,0.2,1,1
2528,2,1,0,0,0,1,1,7,1,1,1,1,10,,飞天猪帽,,,1,res/model/mesh/girl/hair/girl_hair28.dat,,,,-40,53,0,0,0.2,1,1
2529,2,1,0,0,0,1,1,7,1,1,1,1,10,,民族头饰,,,1,res/model/mesh/girl/hair/girl_hair29.dat,,,,-40,53,0,0,0.2,1,1
2530,2,1,0,0,0,1,1,7,1,1,1,1,10,,世界小姐头,,,1,res/model/mesh/girl/hair/girl_hair30.dat,,,,-40,53,0,0,0.2,1,1
2531,2,1,0,0,0,1,1,7,1,1,1,1,10,,小熊头,,,1,res/model/mesh/girl/hair/girl_hair31.dat,,,,-40,53,0,0,0.2,1,1
2532,2,1,0,0,0,1,1,7,1,1,1,1,10,,毛绒奶嘴帽,,,1,res/model/mesh/girl/hair/girl_hair32.dat,,,,-40,53,0,0,0.2,1,1
2533,2,1,0,0,0,1,1,7,1,1,1,1,10,,钟点帽,,,1,res/Model/Mesh/Girl/Hair/Girl_Hair33.dat,,,,-40,53,0,0,0.2,1,1
2534,2,1,0,0,0,1,1,7,1,1,1,1,10,,隐士MM,,,1,res/Model/Mesh/Girl/Hair/Girl_Hair20.dat,,,,-40,53,0,0,0.2,1,1
3001,3,0,0,0,0,1,1,0,1,1,1,0,10,,男身体0,,,1,res/model/avatar/boy/body/saiche_boy_body_0.dat,,,,-33,40,0,0,0.22,1,1
3002,3,0,0,0,0,1,1,7,1,1,1,1,15,,车手上衣,,,1,res/model/avatar/boy/body/saiche_boy_body_1.dat,,,,-33,40,0,0,0.22,1,1
3003,3,0,0,0,0,1,1,7,1,1,1,1,15,,恶魔上衣,,,1,res/model/avatar/boy/body/saiche_boy_body_15.dat,,,,-33,40,0,0,0.22,1,1
3004,3,0,0,0,0,1,1,7,1,1,1,1,15,,邮递员上衣,,,1,res/model/avatar/boy/body/saiche_boy_body_27.dat,,,,-33,40,0,0,0.22,1,1
3005,3,0,0,0,0,1,1,7,1,1,1,1,15,,反恐上衣,,,1,res/model/avatar/boy/body/saiche_boy_body_3.dat,,,,-33,40,0,0,0.22,1,1
3006,3,0,0,0,0,1,1,7,1,1,1,1,15,,时尚上衣,,,1,res/model/avatar/boy/body/saiche_boy_body_5.dat,,,,-33,40,0,0,0.22,1,1
3007,3,0,0,0,0,1,1,7,1,1,1,1,15,,唐装上衣,,,1,res/model/avatar/boy/body/saiche_boy_body_6.dat,,,,-33,40,0,0,0.22,1,1
3008,3,0,0,0,0,1,1,7,1,1,1,1,15,,海盗上衣,,,1,res/model/avatar/boy/body/saiche_boy_body_9.dat,,,,-33,40,0,0,0.22,1,1
3009,3,0,0,0,0,1,1,7,1,1,1,1,15,,日常上衣,,,1,res/model/avatar/boy/body/saiche_boy_body_30.dat,,,,-33,40,0,0,0.22,1,1
3010,3,0,0,0,0,1,1,7,1,1,1,1,15,,休闲上衣,,,1,res/model/avatar/boy/body/saiche_boy_body_31.dat,,,,-33,40,0,0,0.22,1,1
3011,3,0,0,0,0,1,1,7,1,1,1,1,15,,潮人上衣,,,1,res/model/avatar/boy/body/saiche_boy_body_32.dat,,,,-33,40,0,0,0.22,1,1
3012,3,0,0,0,0,1,1,7,1,1,1,1,15,,情侣上衣,,,1,res/model/avatar/boy/body/saiche_boy_body_33.dat,,,,-33,40,0,0,0.22,1,1
3013,3,0,0,0,0,1,1,7,1,1,1,1,15,,摇滚上衣,,,1,res/model/avatar/boy/body/saiche_boy_body_34.dat,,,,-33,36,0,0,0.22,1,1
3014,3,0,0,0,0,1,1,7,1,1,1,1,15,,原始人,,,1,res/model/mesh/boy/body/boy_body12.dat,,,,-33,40,0,0,0.22,1,1
3015,3,0,0,0,0,1,1,7,1,1,1,1,15,,蓝恶魔,,,1,res/model/mesh/boy/body/boy_body13.dat,,,,-33,40,0,0,0.22,1,1
3016,3,0,0,0,0,1,1,7,1,1,1,1,15,,唐僧,,,1,res/model/mesh/boy/body/boy_body15.dat,,,,-33,40,0,0,0.22,1,1
3017,3,0,0,0,0,1,1,7,1,1,1,1,15,,圣衣神话,,,1,res/model/mesh/boy/body/boy_body16.dat,,,,-33,37,0,0,0.22,1,1
3018,3,0,0,0,0,1,1,7,1,1,1,1,15,,文官,,,1,res/model/mesh/boy/body/boy_body17.dat,,,,-33,37,0,0,0.22,1,1
3019,3,0,0,0,0,1,1,7,1,1,1,1,15,,李逵,,,1,res/model/mesh/boy/body/boy_body18.dat,,,,-33,37,0,0,0.22,1,1
3020,3,0,0,0,0,1,1,7,1,1,1,1,15,,海军,,,1,res/model/mesh/boy/body/boy_body19.dat,,,,-33,37,0,0,0.22,1,1
3021,3,0,0,0,0,1,1,7,1,1,1,1,15,,角斗士,,,1,res/model/mesh/boy/body/boy_body20.dat,,,,-33,37,0,0,0.22,1,1
3022,3,0,0,0,0,1,1,7,1,1,1,1,15,,特级厨师,,,1,res/model/mesh/boy/body/boy_body21.dat,,,,-33,37,0,0,0.22,1,1
3023,3,0,0,0,0,1,1,7,1,1,1,1,15,,空军,,,1,res/model/mesh/boy/body/boy_body22.dat,,,,-33,37,0,0,0.22,1,1
3024,3,0,0,0,0,1,1,7,1,1,1,1,15,,击剑手,,,1,res/model/mesh/boy/body/boy_body23.dat,,,,-33,37,0,0,0.22,1,1
3025,3,0,0,0,0,1,1,7,1,1,1,1,15,,矿工,,,1,res/model/mesh/boy/body/boy_body24.dat,,,,-33,37,0,0,0.22,1,1
3026,3,0,0,0,0,1,1,7,1,1,1,1,15,,邮递员,,,1,res/model/mesh/boy/body/boy_body25.dat,,,,-33,37,0,0,0.22,1,1
3027,3,0,0,0,0,1,1,7,1,1,1,1,15,,红巾军,,,1,res/model/mesh/boy/body/boy_body26.dat,,,,-33,37,0,0,0.22,1,1
3028,3,0,0,0,0,1,1,7,1,1,1,1,15,,小熊装,,,1,res/model/mesh/boy/body/boy_body32.dat,,,,-33,37,0,0,0.22,1,1
3501,3,1,0,0,0,1,1,0,1,1,1,0,15,,女身体0,,,1,res/model/avatar/girl/body/saiche_girl_body_0.dat,,,,-30,37,0,0,0.22,1,1
3502,3,1,0,0,0,1,1,7,1,1,1,1,15,,新手上衣,,,1,res/model/avatar/girl/body/saiche_girl_body_00.dat,,,,-28,38,0,0,0.22,1,1
3503,3,1,0,0,0,1,1,7,1,1,1,1,15,,背带上衣,,,1,res/model/avatar/girl/body/saiche_girl_body_17.dat,,,,-28,38,0,0,0.22,1,1
3504,3,1,0,0,0,1,1,7,1,1,1,1,15,,礼服上衣,,,1,res/model/avatar/girl/body/saiche_girl_body_19.dat,,,,-28,38,0,0,0.22,1,1
3505,3,1,0,0,0,1,1,7,1,1,1,1,15,,娃娃上衣,,,1,res/model/avatar/girl/body/saiche_girl_body_1.dat,,,,-28,38,0,0,0.22,1,1
3506,3,1,0,0,0,1,1,7,1,1,1,1,15,,女仆上衣,,,1,res/model/avatar/girl/body/saiche_girl_body_21.dat,,,,-28,38,0,0,0.22,1,1
3507,3,1,0,0,0,1,1,7,1,1,1,1,15,,护士上衣,,,1,res/model/avatar/girl/body/saiche_girl_body_23.dat,,,,-28,38,0,0,0.22,1,1
3508,3,1,0,0,0,1,1,7,1,1,1,1,15,,便装上衣,,,1,res/model/avatar/girl/body/saiche_girl_body_3.dat,,,,-28,38,0,0,0.22,1,1
3509,3,1,0,0,0,1,1,7,1,1,1,1,15,,学生上衣,,,1,res/model/avatar/girl/body/saiche_girl_body_5.dat,,,,-28,38,0,0,0.22,1,1
3510,3,1,0,0,0,1,1,7,1,1,1,1,15,,连衣短裙,,,1,res/model/avatar/girl/body/saiche_girl_body_2.dat,,,,-28,38,0,0,0.22,1,1
3511,3,1,0,0,0,1,1,7,1,1,1,1,15,,草莓上衣,,,1,res/model/avatar/girl/body/saiche_girl_body_4.dat,,,,-28,38,0,0,0.22,1,1
3512,3,1,0,0,0,1,1,7,1,1,1,1,15,,牛仔上衣,,,1,res/model/avatar/girl/body/saiche_girl_body_11.dat,,,,-28,38,0,0,0.22,1,1
3513,3,1,0,0,0,1,1,7,1,1,1,1,15,,女佣上衣,,,1,res/model/avatar/girl/body/saiche_girl_body_18.dat,,,,-28,38,0,0,0.22,1,1
3514,3,1,0,0,0,1,1,7,1,1,1,1,15,,世界小姐,,,1,res/model/mesh/girl/body/girl_body13.dat,,,,-28,37,0,0,0.22,1,1
3515,3,1,0,0,0,1,1,7,1,1,1,1,15,,橙色连衣裙,,,1,res/model/mesh/girl/body/girl_body14.dat,,,,-28,37,0,0,0.22,1,1
3516,3,1,0,0,0,1,1,7,1,1,1,1,15,,约会,,,1,res/model/mesh/girl/body/girl_body15.dat,,,,-28,37,0,0,0.22,1,1
3517,3,1,0,0,0,1,1,7,1,1,1,1,15,,钟点工,,,1,res/model/mesh/girl/body/girl_body16.dat,,,,-28,37,0,0,0.22,1,1
3518,3,1,0,0,0,1,1,7,1,1,1,1,15,,舞蹈家,,,1,res/model/mesh/girl/body/girl_body17.dat,,,,-28,37,0,0,0.22,1,1
3519,3,1,0,0,0,1,1,7,1,1,1,1,15,,运动女生,,,1,res/model/mesh/girl/body/girl_body18.dat,,,,-28,37,0,0,0.22,1,1
3520,3,1,0,0,0,1,1,7,1,1,1,1,15,,女战士,,,1,res/model/mesh/girl/body/girl_body19.dat,,,,-28,37,0,0,0.22,1,1
3521,3,1,0,0,0,1,1,7,1,1,1,1,15,,格格,,,1,res/model/mesh/girl/body/girl_body20.dat,,,,-28,37,0,0,0.22,1,1
3522,3,1,0,0,0,1,1,7,1,1,1,1,15,,女仆,,,1,res/model/mesh/girl/body/girl_body21.dat,,,,-28,37,0,0,0.22,1,1
3523,3,1,0,0,0,1,1,7,1,1,1,1,15,,少数民族装,,,1,res/model/mesh/girl/body/girl_body22.dat,,,,-28,37,0,0,0.22,1,1
3524,3,1,0,0,0,1,1,7,1,1,1,1,15,,小熊装,,,1,res/model/mesh/girl/body/girl_body29.dat,,,,-28,37,0,0,0.22,1,1
4000,4,0,0,0,0,1,1,0,1,1,1,0,15,,男下装0,,,1,res/model/avatar/boy/pant/saiche_boy_pant_0.dat,,,,-35,20,0,0,0.2,1,1
4001,4,0,0,0,0,1,1,7,1,1,1,1,15,,车手裤子,,,1,res/model/avatar/boy/pant/saiche_boy_pant_1.dat,,,,-35,22,0,0,0.2,1,1
4002,4,0,0,0,0,1,1,7,1,1,1,1,15,,恶魔裤子,,,1,res/model/avatar/boy/pant/saiche_boy_pant_15.dat,,,,-35,22,0,0,0.2,1,1
4003,4,0,0,0,0,1,1,7,1,1,1,1,15,,邮递员裤子,,,1,res/model/avatar/boy/pant/saiche_boy_pant_27.dat,,,,-35,22,0,0,0.2,1,1
4004,4,0,0,0,0,1,1,7,1,1,1,1,15,,反恐裤子,,,1,res/model/avatar/boy/pant/saiche_boy_pant_3.dat,,,,-35,22,0,0,0.2,1,1
4005,4,0,0,0,0,1,1,7,1,1,1,1,15,,时尚裤子,,,1,res/model/avatar/boy/pant/saiche_boy_pant_5.dat,,,,-35,22,0,0,0.2,1,1
4006,4,0,0,0,0,1,1,7,1,1,1,1,15,,唐装裤子,,,1,res/model/avatar/boy/pant/saiche_boy_pant_6.dat,,,,-35,22,0,0,0.2,1,1
4007,4,0,0,0,0,1,1,7,1,1,1,1,15,,海盗裤子,,,1,res/model/avatar/boy/pant/saiche_boy_pant_9.dat,,,,-35,22,0,0,0.2,1,1
4008,4,0,0,0,0,1,1,7,1,1,1,1,15,,日常裤子,,,1,res/model/avatar/boy/pant/saiche_boy_pant_30.dat,,,,-35,22,0,0,0.2,1,1
4009,4,0,0,0,0,1,1,7,1,1,1,1,15,,休闲裤子,,,1,res/model/avatar/boy/pant/saiche_boy_pant_31.dat,,,,-35,22,0,0,0.2,1,1
4010,4,0,0,0,0,1,1,7,1,1,1,1,15,,潮人裤子,,,1,res/model/avatar/boy/pant/saiche_boy_pant_32.dat,,,,-35,22,0,0,0.2,1,1
4011,4,0,0,0,0,1,1,7,1,1,1,1,15,,情侣裤子,,,1,res/model/avatar/boy/pant/saiche_boy_pant_33.dat,,,,-35,22,0,0,0.2,1,1
4012,4,0,0,0,0,1,1,7,1,1,1,1,15,,摇滚裤子,,,1,res/model/avatar/boy/pant/saiche_boy_pant_34.dat,,,,-35,22,0,0,0.2,1,1
4500,4,1,0,0,0,1,1,7,1,1,1,1,15,,女下装0,,,1,res/model/avatar/girl/pant/saiche_girl_pant_0.dat,,,,-35,22,0,0,0.2,1,1
4501,4,1,0,0,0,1,1,7,1,1,1,1,15,,新手下装,,,1,res/model/avatar/girl/pant/saiche_girl_pant_00.dat,,,,-35,22,0,0,0.2,1,1
4502,4,1,0,0,0,1,1,7,1,1,1,1,15,,背带下装,,,1,res/model/avatar/girl/pant/saiche_girl_pant_17.dat,,,,-35,22,0,0,0.2,1,1
4503,4,1,0,0,0,1,1,7,1,1,1,1,15,,礼服下装,,,1,res/model/avatar/girl/pant/saiche_girl_pant_19.dat,,,,-35,22,0,0,0.2,1,1
4504,4,1,0,0,0,1,1,7,1,1,1,1,15,,娃娃下装,,,1,res/model/avatar/girl/pant/saiche_girl_pant_1.dat,,,,-35,22,0,0,0.2,1,1
4505,4,1,0,0,0,1,1,7,1,1,1,1,15,,女仆下装,,,1,res/model/avatar/girl/pant/saiche_girl_pant_21.dat,,,,-35,22,0,0,0.2,1,1
4506,4,1,0,0,0,1,1,7,1,1,1,1,15,,护士下装,,,1,res/model/avatar/girl/pant/saiche_girl_pant_23.dat,,,,-35,22,0,0,0.2,1,1
4507,4,1,0,0,0,1,1,7,1,1,1,1,15,,便装下装,,,1,res/model/avatar/girl/pant/saiche_girl_pant_3.dat,,,,-35,22,0,0,0.2,1,1
4508,4,1,0,0,0,1,1,7,1,1,1,1,15,,学生下装,,,1,res/model/avatar/girl/pant/saiche_girl_pant_5.dat,,,,-35,22,0,0,0.2,1,1
4509,4,1,0,0,0,1,1,7,1,1,1,1,15,,草莓下装,,,1,res/model/avatar/girl/pant/saiche_girl_pant_4.dat,,,,-35,22,0,0,0.2,1,1
4510,4,1,0,0,0,1,1,7,1,1,1,1,15,,牛仔短裤,,,1,res/model/avatar/girl/pant/saiche_girl_pant_11.dat,,,,-35,22,0,0,0.2,1,1
4511,4,1,0,0,0,1,1,7,1,1,1,1,15,,女佣下装,,,1,res/model/avatar/girl/pant/saiche_girl_pant_18.dat,,,,-35,22,0,0,0.2,1,1
5000,5,0,0,0,0,1,1,0,1,1,1,0,10,,男鞋0,,,1,res/model/avatar/boy/shoe/saiche_boy_shose_0.dat,,,,-30,8,0,0,0.2,1,1
5001,5,0,0,0,0,1,1,7,1,1,1,1,10,,车手鞋,,,1,res/model/avatar/boy/shoe/saiche_boy_shose_1.dat,,,,-30,8,0,1.1,0.2,1,1
5002,5,0,0,0,0,1,1,7,1,1,1,1,10,,恶魔鞋,,,1,res/model/avatar/boy/shoe/saiche_boy_shose_15.dat,,,,-30,8,0,1.1,0.2,1,1
5003,5,0,0,0,0,1,1,7,1,1,1,1,10,,邮递员鞋,,,1,res/model/avatar/boy/shoe/saiche_boy_shose_27.dat,,,,-30,8,0,1.1,0.2,1,1
5004,5,0,0,0,0,1,1,7,1,1,1,1,10,,反恐鞋,,,1,res/model/avatar/boy/shoe/saiche_boy_shose_3.dat,,,,-30,8,0,1.1,0.2,1,1
5005,5,0,0,0,0,1,1,7,1,1,1,1,10,,时尚鞋,,,1,res/model/avatar/boy/shoe/saiche_boy_shose_5.dat,,,,-30,8,0,1.1,0.2,1,1
5006,5,0,0,0,0,1,1,7,1,1,1,1,10,,唐装鞋,,,1,res/model/avatar/boy/shoe/saiche_boy_shose_6.dat,,,,-30,8,0,1.1,0.2,1,1
5007,5,0,0,0,0,1,1,7,1,1,1,1,10,,海盗鞋,,,1,res/model/avatar/boy/shoe/saiche_boy_shose_9.dat,,,,-30,8,0,1.1,0.2,1,1
5008,5,0,0,0,0,1,1,7,1,1,1,1,10,,日常鞋,,,1,res/model/avatar/boy/shoe/saiche_boy_shose_30.dat,,,,-30,8,0,1.1,0.2,1,1
5009,5,0,0,0,0,1,1,7,1,1,1,1,10,,休闲鞋,,,1,res/model/avatar/boy/shoe/saiche_boy_shose_31.dat,,,,-30,8,0,1.1,0.2,1,1
5010,5,0,0,0,0,1,1,7,1,1,1,1,10,,潮人鞋,,,1,res/model/avatar/boy/shoe/saiche_boy_shose_32.dat,,,,-30,8,0,1.1,0.2,1,1
5011,5,0,0,0,0,1,1,7,1,1,1,1,10,,情侣鞋,,,1,res/model/avatar/boy/shoe/saiche_boy_shose_33.dat,,,,-30,8,0,1.1,0.2,1,1
5012,5,0,0,0,0,1,1,7,1,1,1,1,10,,摇滚鞋,,,1,res/model/avatar/boy/shoe/saiche_boy_shose_34.dat,,,,-30,8,0,1.1,0.2,1,1
5500,5,1,0,0,0,1,1,7,1,1,1,1,10,,女鞋0,,,1,res/model/avatar/girl/Shoe/saiche_girl_shose_0.dat,,,,-30,8,0,0,0.2,1,1
5501,5,1,0,0,0,1,1,7,1,1,1,1,10,,新手鞋,,,1,res/model/avatar/girl/shoe/saiche_girl_shose_00.dat,,,,-30,8,0,1.1,0.2,1,1
5502,5,1,0,0,0,1,1,7,1,1,1,1,10,,背带鞋,,,1,res/model/avatar/girl/shoe/saiche_girl_shose_17.dat,,,,-30,8,0,1.1,0.2,1,1
5503,5,1,0,0,0,1,1,7,1,1,1,1,10,,礼服鞋,,,1,res/model/avatar/girl/shoe/saiche_girl_shose_19.dat,,,,-30,8,0,1.1,0.2,1,1
5504,5,1,0,0,0,1,1,7,1,1,1,1,10,,娃娃鞋,,,1,res/model/avatar/girl/shoe/saiche_girl_shose_1.dat,,,,-30,8,0,1.1,0.2,1,1
5505,5,1,0,0,0,1,1,7,1,1,1,1,10,,女仆鞋,,,1,res/model/avatar/girl/shoe/saiche_girl_shose_21.dat,,,,-30,8,0,1.1,0.2,1,1
5506,5,1,0,0,0,1,1,7,1,1,1,1,10,,护士鞋,,,1,res/model/avatar/girl/shoe/saiche_girl_shose_23.dat,,,,-30,8,0,1.1,0.2,1,1
5507,5,1,0,0,0,1,1,7,1,1,1,1,10,,便装鞋,,,1,res/model/avatar/girl/shoe/saiche_girl_shose_3.dat,,,,-30,8,0,1.1,0.2,1,1
5508,5,1,0,0,0,1,1,7,1,1,1,1,10,,学生鞋,,,1,res/model/avatar/girl/shoe/saiche_girl_shose_5.dat,,,,-30,8,0,1.1,0.2,1,1
5509,5,1,0,0,0,1,1,7,1,1,1,1,10,,可爱板鞋,,,1,res/model/avatar/girl/shoe/saiche_girl_shose_2.dat,,,,-30,8,0,1.1,0.2,1,1
5510,5,1,0,0,0,1,1,7,1,1,1,1,10,,草莓鞋,,,1,res/model/avatar/girl/shoe/saiche_girl_shose_4.dat,,,,-30,8,0,1.1,0.2,1,1
5511,5,1,0,0,0,1,1,7,1,1,1,1,10,,牛仔鞋,,,1,res/model/avatar/girl/shoe/saiche_girl_shose_11.dat,,,,-30,8,0,1.1,0.2,1,1
5512,5,1,0,0,0,1,1,7,1,1,1,1,10,,女佣鞋,,,1,res/model/avatar/girl/shoe/saiche_girl_shose_18.dat,,,,-30,8,0,1.1,0.2,1,1
6000,6,0,0,0,0,1,1,7,1,1,1,1,10,,男手套0,,,1,res/model/avatar/boy/hand/saiche_boy_hand_0.dat,,,,-50,30,0,0,0.2,1,1
6001,6,0,0,0,0,1,1,7,1,1,1,1,10,,车手手套,,,1,res/model/avatar/boy/hand/saiche_boy_hand_1.dat,,,,-50,30,0,1.3,0.2,1,1
6002,6,0,0,0,0,1,1,7,1,1,1,1,10,,恶魔手套,,,1,res/model/avatar/boy/hand/saiche_boy_hand_15.dat,,,,-50,30,0,1.3,0.2,1,1
6003,6,0,0,0,0,1,1,7,1,1,1,1,10,,邮递员手套,,,1,res/model/avatar/boy/hand/saiche_boy_hand_3.dat,,,,-50,30,0,1.3,0.2,1,1
6004,6,0,0,0,0,1,1,7,1,1,1,1,10,,时尚?套,,,1,res/model/avatar/b/boy/hand/saiche_boy_hand_5.dat,,,,-50,30,0,1.3,0.2,1,1
6005,6,0,0,0,0,1,1,7,1,1,1,1,10,,日常手套,,,1,res/model/avatar/boy/hand/saiche_boy_hand_30.dat,,,,-50,30,0,1.3,0.2,1,1
6006,6,0,0,0,0,1,1,7,1,1,1,1,10,,休闲手套,,,1,res/model/avatar/boy/hand/saiche_boy_hand_31.dat,,,,-50,30,0,1.3,0.2,1,1
6007,6,0,0,0,0,1,1,7,1,1,1,1,10,,潮人手套,,,1,res/model/avatar/boy/hand/saiche_boy_hand_32.dat,,,,-50,30,0,1.3,0.2,1,1
6008,6,0,0,0,0,1,1,7,1,1,1,1,10,,摇滚手套,,,1,res/model/avatar/boy/hand/saiche_boy_hand_34.dat,,,,-50,30,0,1.3,0.2,1,1
6500,6,1,0,0,0,1,1,7,1,1,1,1,10,,女手套0,,,1,res/model/avatar/girl/hand/saiche_girl_hand_0.dat,,,,-42,30,0,0,0.2,1,1
6501,6,1,0,0,0,1,1,7,1,1,1,1,10,,新手手套,,,1,res/model/avatar/girl/hand/saiche_girl_hand_00.dat,,,,-42,28,0,1.3,0.2,1,1
6502,6,1,0,0,0,1,1,7,1,1,1,1,10,,礼服手套,,,1,res/model/avatar/girl/hand/saiche_girl_hand_19.dat,,,,-42,28,0,1.3,0.2,1,1
6503,6,1,0,0,0,1,1,7,1,1,1,1,10,,娃娃手套,,,1,res/model/avatar/girl/hand/saiche_girl_hand_1.dat,,,,-42,28,0,1.3,0.2,1,1
6504,6,1,0,0,0,1,1,7,1,1,1,1,10,,护士手套,,,1,res/model/avatar/girl/hand/saiche_girl_hand_23.dat,,,,-42,28,0,1.3,0.2,1,1
6505,6,1,0,0,0,1,1,7,1,1,1,1,10,,蓝条护腕,,,1,res/model/avatar/girl/hand/saiche_girl_hand_2.dat,,,,-42,28,0,1.3,0.2,1,1
6506,6,1,0,0,0,1,1,7,1,1,1,1,10,,牛仔手套,,,1,res/model/avatar/girl/hand/saiche_girl_hand_11.dat,,,,-42,28,0,1.3,0.2,1,1
7001,7,-1,0,0,0,1,1,7,1,1,0,0,5,,小车碰碰,,,1,res/model/avatar/Car/Car7001.dat,,,,-110,15,2,-0.35f,0.3,1,1
7002,7,-1,0,1,0,1,1,7,1,1,0,0,1000,,紫蜂,,,1,res/model/avatar/Car/SaiChe02.dat,,,,-110,15,-6,-0.35f,0.3,1,1
7003,7,-1,0,1,0,1,1,7,1,1,0,0,1000,,红牛,,,1,res/model/avatar/Car/SaiChe01.dat,,,,-110,15,-4,-0.35f,0.3,1,1
7004,7,-1,0,1,0,1,1,7,1,1,0,0,1000,,甲虫,,,1,res/model/avatar/Car/Car7004.dat,,,,-110,15,3,-0.35f,0.3,1,1
7005,7,-1,0,0,0,1,1,7,1,1,1,0,1000,,橘黄流星,,,1,res/model/avatar/Car/Car7005.dat,,,,-110,20,2,-0.35f,0.3,1,1
7006,7,-1,0,1,0,1,1,7,1,1,1,0,1000,,黑金龟,,,1,res/model/avatar/Car/Car7006.dat,,,,-110,15,-1,-0.35f,0.3,1,1
7007,7,-1,0,0,0,1,1,7,1,1,1,0,1000,,玉米,,,1,res/model/avatar/Car/Car7007.dat,,,,-110,18,2,-0.35f,0.3,1,1
7008,7,-1,0,0,0,1,1,7,1,1,1,0,1000,,鲨鱼,,,1,res/model/avatar/Car/Car7008.dat,,,,-110,20,-1,-0.35f,0.3,1,1
7009,7,-1,0,0,0,1,1,7,1,1,1,0,1000,,重碾,,,1,res/model/avatar/Car/Car7009.dat,,,,-110,15,-13,-0.35f,0.3,1,1
7010,7,-1,0,0,0,1,1,7,1,1,1,0,1000,,烈鸟,,,1,res/model/avatar/Car/Car7010.dat,,,,-110,18,-3,-0.35f,0.3,1,1
7011,7,-1,0,0,0,1,1,7,1,1,1,0,1000,,擎天柱,,,1,res/model/avatar/Car/SaiChe19.dat,,,,-110,8,-6,-0.35f,0.3,1,1
7012,7,-1,0,0,0,1,1,7,1,1,1,0,1000,,GD01,,,1,res/model/avatar/car/car7012.dat,,,,-110,15,-5,-0.35f,0.3,1,1
7013,7,-1,0,0,0,1,1,7,1,1,1,0,1000,,铲车,,,1,res/model/avatar/car/saiche17.dat,,,,-110,12,-10,-0.35f,0.3,1,1
7014,7,-1,0,0,0,1,1,7,1,1,1,0,1000,,黑蝙蝠,,,1,res/model/avatar/car/car7014.dat,,,,-110,11,-6,-0.35f,0.3,1,1
7015,7,-1,0,0,0,1,1,7,1,1,1,0,1000,,蚁将军,,,1,res/model/avatar/car/car7015.dat,,,,-110,15,-3,-0.35f,0.3,1,1
7016,7,-1,0,1,0,1,1,7,1,1,1,0,1000,,赤隼,,,1,res/model/avatar/car/saiche03.dat,,,,-110,17,-2,-0.35f,0.3,1,1
7017,7,-1,0,0,0,1,1,7,1,1,1,0,1000,,铜墙铁壁,,,1,res/model/avatar/car/car7017.dat,,,,-110,7,-10,-0.35f,0.3,1,1
7018,7,-1,0,0,0,1,1,7,1,1,1,0,1000,,现代跑车,,,1,res/model/avatar/car/saiche10.dat,,,,-110,8,-8,-0.35f,0.3,1,1
7019,7,-1,0,0,0,1,1,7,1,1,1,0,1000,,音速摩托,,,1,res/model/avatar/car/saiche18.dat,,,,-110,20,-3,-0.35f,0.3,1,1
7020,7,-1,0,0,0,1,1,7,1,1,1,0,100,,小车碰碰Ⅰ型,,,1,res/model/avatar/car/car7020.dat,,,,-110,15,-1,-0.35f,0.3,1,1
7021,7,-1,0,0,0,1,1,7,1,1,1,0,100,,小车碰碰ⅠⅠ型,,,1,res/model/avatar/car/car7020.dat,,,,-110,15,-1,-0.35f,0.3,1,1
8001,8,-1,0,0,0,1,1,0,1,1,1,0,5,,排气0,,,1,res/model/mesh/carmesh/carvent0.dat,,,"-1,-1",-135,15,0,0,0.4,1,1
8002,8,-1,0,1,0,1,1,7,1,1,1,0,5,,蓝蜂,,小冲,1,res/model/mesh/carmesh/carvent1.dat,,,"0,-510",-135,15,0,0,0.4,1,1
8003,8,-1,0,1,0,1,1,7,1,1,1,0,5,,红牛,,小冲,1,res/model/mesh/carmesh/carvent2.dat,,,"0,-510",-135,15,0,0,0.4,1,1
8004,8,-1,0,1,0,1,1,7,1,1,1,0,5,,甲虫,,小冲,1,res/model/mesh/carmesh/carvent3.dat,,,"0,-510",-135,15,0,0,0.4,1,1
8005,8,-1,0,1,0,1,1,7,1,1,1,0,5,,橘黄流星,,小冲,1,res/model/mesh/carmesh/carvent5.dat,,,"0,-510",-135,15,0,0,0.4,1,1
8006,8,-1,0,0,0,1,1,7,1,1,1,0,5,,黑金龟,,小冲,1,res/model/mesh/carmesh/carvent6.dat,,,"0,-510",-135,15,0,0,0.4,1,1
8007,8,-1,0,0,0,1,1,7,1,1,1,0,5,,玉米,,小冲,1,res/model/mesh/carmesh/carvent7.dat,,,"0,-510",-135,15,0,0,0.4,1,1
8008,8,-1,0,0,0,1,1,7,1,1,1,0,5,,鲨鱼,,小冲,1,res/model/mesh/carmesh/carvent8.dat,,,"0,-510",-135,15,0,0,0.4,1,1
8009,8,-1,0,0,0,1,1,7,1,1,1,0,5,,重碾,,小冲,1,res/model/mesh/carmesh/carvent11.dat,,,"0,-510",-135,15,0,0,0.4,1,1
8010,8,-1,0,0,0,1,1,7,1,1,1,0,5,,烈鸟,,小冲,1,res/model/mesh/carmesh/carvent12.dat,,,"0,-510",-135,15,0,0,0.4,1,1
8011,8,-1,0,0,0,1,1,7,1,1,1,0,5,,擎天柱,,小冲,1,res/model/mesh/carmesh/carvent14.dat,,,"0,-510",-135,15,0,0,0.4,1,1
8012,8,-1,0,0,0,1,1,7,1,1,1,0,5,,GD01,,小冲,1,res/model/mesh/carmesh/carvent17.dat,,,"0,-510",-135,15,0,0,0.4,1,1
8013,8,-1,0,0,0,1,1,7,1,1,1,0,5,,铲车,,小冲,1,res/model/mesh/carmesh/carvent18.dat,,,"0,-510",-135,15,0,0,0.4,1,1
8014,8,-1,0,0,0,1,1,7,1,1,1,0,5,,黑蝙蝠,,小冲,1,res/model/mesh/carmesh/carvent9.dat,,,"0,-510",-135,15,0,0,0.4,1,1
8015,8,-1,0,0,0,1,1,7,1,1,1,0,5,,臭虫,,小冲,1,res/model/mesh/carmesh/carvent10.dat,,,"0,-510",-135,15,0,0,0.4,1,1
8016,8,-1,0,0,0,1,1,7,1,1,1,0,5,,铜墙铁壁,,小冲,1,res/model/mesh/carmesh/carvent13.dat,,,"0,-510",-135,15,0,0,0.4,1,1
8017,8,-1,0,0,0,1,1,7,1,1,1,0,5,,现代跑车,,小冲,1,res/model/mesh/carmesh/carvent15.dat,,,"0,-510",-135,15,0,0,0.4,1,1
8018,8,-1,0,0,0,1,1,7,1,1,1,0,5,,EXIA,,小冲,1,res/model/mesh/carmesh/carvent16.dat,,,"0,-510",-135,15,0,0,0.4,1,1
8019,8,-1,0,0,0,1,1,7,1,1,1,0,5,,暗隼,,小冲,1,res/model/mesh/carmesh/carvent4.dat,,,"0,-510",-135,15,0,0,0.4,1,1
9001,9,0,0,0,0,1,1,0,1,1,1,0,5,,默认面具(男),,,1,,,,,-30,0,0,0,0.2,1,1
9002,9,0,0,0,0,1,1,7,1,1,1,1,5,,豹纹眼镜,,,1,res/model/avatar/glass/baowen_m.dat,,,,-30,0,0,0,0.2,1,1
9003,9,0,0,0,0,1,1,7,1,1,1,1,5,,翅膀面具,,,1,res/model/avatar/glass/cibang_m.dat,,,,-30,0,0,0,0.2,1,1
9004,9,0,0,0,0,1,1,7,1,1,1,1,5,,黑框眼镜,,,1,res/model/avatar/glass/heikuang_m.dat,,,,-30,0,0,0,0.2,1,1
9005,9,0,0,0,0,1,1,7,1,1,1,1,5,,黑猫面具,,,1,res/model/avatar/glass/heimao_m.dat,,,,-30,0,0,0,0.2,1,1
9006,9,0,0,0,0,1,1,7,1,1,1,1,5,,红框眼镜,,,1,res/model/avatar/glass/hongkuang_m.dat,,,,-30,0,0,0,0.2,1,1
9007,9,0,0,0,0,1,1,7,1,1,1,1,5,,红心眼镜,,,1,res/model/avatar/glass/hongxin_m.dat,,,,-30,0,0,0,0.2,1,1
9008,9,0,0,0,0,1,1,7,1,1,1,1,5,,幻彩眼镜,,,1,res/model/avatar/glass/huancai_m.dat,,,,-30,0,0,0,0.2,1,1
9009,9,0,0,0,0,1,1,7,1,1,1,1,5,,浣熊面具,,,1,res/model/avatar/glass/huanxiong_m.dat,,,,-30,0,0,0,0.2,1,1
9010,9,0,0,0,0,1,1,7,1,1,1,1,5,,蓝蝶面具,,,1,res/model/avatar/glass/lanmian_m.dat,,,,-30,0,0,0,0.2,1,1
9011,9,0,0,0,0,1,1,7,1,1,1,1,5,,蓝色眼镜,,,1,res/model/avatar/glass/lanmo_m.dat,,,,-30,0,0,0,0.2,1,1
9012,9,0,0,0,0,1,1,7,1,1,1,1,5,,猫掌眼镜,,,1,res/model/avatar/glass/maozhang_m.dat,,,,-30,0,0,0,0.2,1,1
9013,9,0,0,0,0,1,1,7,1,1,1,1,5,,深沉墨镜,,,1,res/model/avatar/glass/mojing_m.dat,,,,-30,0,0,0,0.2,1,1
9014,9,0,0,0,0,1,1,7,1,1,1,1,5,,苹果眼镜,,,1,res/model/avatar/glass/pingguo_m.dat,,,,-30,0,0,0,0.2,1,1
9015,9,0,0,0,0,1,1,7,1,1,1,1,5,,心形眼镜,,,1,res/model/avatar/glass/xinxing_m.dat,,,,-30,0,0,0,0.2,1,1
9016,9,0,0,0,0,1,1,7,1,1,1,1,5,,玉框眼镜,,,1,res/model/avatar/glass/yumo_m.dat,,,,-30,0,0,0,0.2,1,1
9017,9,0,0,0,0,1,1,7,1,1,1,1,5,,紫色面具,,,1,res/model/avatar/glass/zimian_m.dat,,,,-30,0,0,0,0.2,1,1
9018,9,0,0,0,0,1,1,7,1,1,1,1,5,,棕色墨镜,,,1,res/model/avatar/glass/zongmo_m.dat,,,,-30,0,0,0,0.2,1,1
9019,9,0,0,0,0,1,1,7,1,1,1,1,5,,黄金墨镜,,,1,res/model/avatar/glass/huangjin_m.dat,,,,-30,0,0,0,0.2,1,1
9020,9,0,0,0,0,1,1,7,1,1,1,1,5,,科技墨镜,,,1,res/model/avatar/glass/keji_m.dat,,,,-30,0,0,0,0.2,1,1
9021,9,0,0,0,0,1,1,7,1,1,1,1,5,,六边墨镜,,,1,res/model/avatar/glass/liubian_m.dat,,,,-30,0,0,0,0.2,1,1
9022,9,0,0,0,0,1,1,7,1,1,1,1,5,,普通墨镜,,,1,res/model/avatar/glass/putong_m.dat,,,,-30,0,0,0,0.2,1,1
9023,9,0,0,0,0,1,1,7,1,1,1,1,5,,时尚墨镜,,,1,res/model/avatar/glass/shishang_m.dat,,,,-30,0,0,0,0.2,1,1
9024,9,0,0,0,0,1,1,7,1,1,1,1,5,,休闲墨镜,,,1,res/model/avatar/glass/xiuxian_m.dat,,,,-30,0,0,0,0.2,1,1
9025,9,0,0,0,0,1,1,7,1,1,1,1,5,,紫框墨镜,,,1,res/model/avatar/glass/zikuang_m.dat,,,,-30,0,0,0,0.2,1,1
9501,9,1,0,0,0,1,1,0,1,1,1,0,5,,默认面具(女),,,1,,,,,-30,0,0,0,0.2,1,1
9502,9,1,0,0,0,1,1,7,1,1,1,1,5,,豹纹眼镜,,,1,res/model/avatar/glass/baowen_w.dat,,,,-30,0,0,0,0.2,1,1
9503,9,1,0,0,0,1,1,7,1,1,1,1,5,,翅膀面具,,,1,res/model/avatar/glass/cibang_w.dat,,,,-30,0,0,0,0.2,1,1
9504,9,1,0,0,0,1,1,7,1,1,1,1,5,,黑框眼镜,,,1,res/model/avatar/glass/heikuang_w.dat,,,,-30,0,0,0,0.2,1,1
9505,9,1,0,0,0,1,1,7,1,1,1,1,5,,黑猫面具,,,1,res/model/avatar/glass/heimao_w.dat,,,,-30,0,0,0,0.2,1,1
9506,9,1,0,0,0,1,1,7,1,1,1,1,5,,红框眼镜,,,1,res/model/avatar/glass/hongkuang_w.dat,,,,-30,0,0,0,0.2,1,1
9507,9,1,0,0,0,1,1,7,1,1,1,1,5,,红心眼镜,,,1,res/model/avatar/glass/hongxin_w.dat,,,,-30,0,0,0,0.2,1,1
9508,9,1,0,0,0,1,1,7,1,1,1,1,5,,幻彩眼镜,,,1,res/model/avatar/glass/huancai_w.dat,,,,-30,0,0,0,0.2,1,1
9509,9,1,0,0,0,1,1,7,1,1,1,1,5,,浣熊面具,,,1,res/model/avatar/glass/huanxiong_w.dat,,,,-30,0,0,0,0.2,1,1
9510,9,1,0,0,0,1,1,7,1,1,1,1,5,,蓝蝶面具,,,1,res/model/avatar/glass/lanmian_w.dat,,,,-30,0,0,0,0.2,1,1
9511,9,1,0,0,0,1,1,7,1,1,1,1,5,,蓝色眼镜,,,1,res/model/avatar/glass/lanmo_w.dat,,,,-30,0,0,0,0.2,1,1
9512,9,1,0,0,0,1,1,7,1,1,1,1,5,,猫掌眼镜,,,1,res/model/avatar/glass/maozhang_w.dat,,,,-30,0,0,0,0.2,1,1
9513,9,1,0,0,0,1,1,7,1,1,1,1,5,,深沉墨镜,,,1,res/model/avatar/glass/mojing_w.dat,,,,-30,0,0,0,0.2,1,1
9514,9,1,0,0,0,1,1,7,1,1,1,1,5,,苹果眼镜,,,1,res/model/avatar/glass/pingguo_w.dat,,,,-30,0,0,0,0.2,1,1
9515,9,1,0,0,0,1,1,7,1,1,1,1,5,,心形眼镜,,,1,res/model/avatar/glass/xinxing_w.dat,,,,-30,0,0,0,0.2,1,1
9516,9,1,0,0,0,1,1,7,1,1,1,1,5,,玉框眼镜,,,1,res/model/avatar/glass/yumo_w.dat,,,,-30,0,0,0,0.2,1,1
9517,9,1,0,0,0,1,1,7,1,1,1,1,5,,紫色面具,,,1,res/model/avatar/glass/zimian_w.dat,,,,-30,0,0,0,0.2,1,1
9518,9,1,0,0,0,1,1,7,1,1,1,1,5,,棕色墨镜,,,1,res/model/avatar/glass/zongmo_w.dat,,,,-30,0,0,0,0.2,1,1
9519,9,1,0,0,0,1,1,7,1,1,1,1,5,,黄金墨镜,,,1,res/model/avatar/glass/huangjin_w.dat,,,,-30,0,0,0,0.2,1,1
9520,9,1,0,0,0,1,1,7,1,1,1,1,5,,科技墨镜,,,1,res/model/avatar/glass/keji_w.dat,,,,-30,0,0,0,0.2,1,1
9521,9,1,0,0,0,1,1,7,1,1,1,1,5,,六边墨镜,,,1,res/model/avatar/glass/liubian_w.dat,,,,-30,0,0,0,0.2,1,1
9522,9,1,0,0,0,1,1,7,1,1,1,1,5,,普通墨镜,,,1,res/model/avatar/glass/putong_w.dat,,,,-30,0,0,0,0.2,1,1
9523,9,1,0,0,0,1,1,7,1,1,1,1,5,,时尚墨镜,,,1,res/model/avatar/glass/shishang_w.dat,,,,-30,0,0,0,0.2,1,1
9524,9,1,0,0,0,1,1,7,1,1,1,1,5,,休闲墨镜,,,1,res/model/avatar/glass/xiuxian_w.dat,,,,-30,0,0,0,0.2,1,1
9525,9,1,0,0,0,1,1,7,1,1,1,1,5,,紫框墨镜,,,1,res/model/avatar/glass/zikuang_w.dat,,,,-30,0,0,0,0.2,1,1
10001,10,-1,0,0,0,1,1,7,1,1,1,1,5,,炫景,,,1,res/model/mesh/licence/sceenback1_bigyanhua.dat,,,,-25,8,0,0.05,0,4,6
10002,10,-1,0,0,0,1,1,7,1,1,1,1,5,,西瓜瓜,,,1,res/model/mesh/licence/sceenback2_xigua.dat,,,,-15,0,0.04,0,-0.05,25,10
10003,10,-1,0,0,0,1,1,7,1,1,1,1,5,,雪景,,,1,res/model/mesh/licence/sceenback3_xuehua.dat,,,,-25,4,0,0,0.15,6,6
10004,10,-1,0,0,0,1,1,7,1,1,1,1,5,,云腾,,,1,res/model/mesh/licence/sceenback4_up.dat,,,,-25,4,0,0,0.2,5,7
10005,10,-1,0,0,0,1,1,7,1,1,1,1,5,,可爱贴图,,,1,res/model/mesh/licence/sceenback5_past.dat,,,,-30,5,0,0,0,5,4.5
10006,10,-1,0,0,0,1,1,7,1,1,1,1,5,,蝴蝶飞飞,,,1,res/model/mesh/licence/sceenback6_hudie.dat,,,,-150,32,0,0,0,0.6,1.25
10007,10,-1,0,0,0,1,1,7,1,1,1,1,5,,椰椰风情,,,1,res/model/mesh/licence/sceenback7_yeshu.dat,,,,-150,40,-5,0,-0.2,1,1.2
10008,10,-1,0,0,0,1,1,7,1,1,1,1,5,,梦幻彩灯,,,1,res/model/mesh/licence/sceenback8_caideng.dat,,,,-150,5,0,0,0,1,1.5
10009,10,-1,0,0,0,1,1,7,1,1,1,1,5,,行驶Ing,,,1,res/model/mesh/licence/sceenback9_xingshi.dat,,,,-150,55,0,0,-0.1,0.05,4.5
11001,11,-1,0,0,0,1,1,0,1,1,1,1,5,,超级针,当被水泡包围时，可使用刺破水泡。,超级针,0,,res/ui/saled/cjz.dds,"85,85","0,0",0,0,0,0,0,0,0
11002,11,-1,0,0,0,1,1,0,3,1,1,1,15,,超级针3个,当被水泡包围时，可使用刺破水泡。,超级针,0,,res/ui/saled/cjz.dds,"85,85","0,0",0,0,0,0,0,0,0
11003,11,-1,0,0,0,1,1,0,10,1,1,1,50,,超级针10个,当被水泡包围时，可使用刺破水泡。,超级针,0,,res/ui/saled/cjz.dds,"85,85","0,0",0,0,0,0,0,0,0
11004,11,-1,0,0,0,1,1,0,1,1,1,1,5,,盾牌,使用后无敌2秒。,盾牌,0,,res/ui/saled/dp.dds,"85,85","0,0",0,0,0,0,0,0,0
11005,11,-1,0,0,0,1,1,0,3,1,1,1,15,,盾牌3个,使用后无敌3秒。,盾牌,0,,res/ui/saled/dp.dds,"85,85","0,0",0,0,0,0,0,0,0
11006,11,-1,0,0,0,1,1,0,10,1,1,1,30,,盾牌10个,使用后无敌4秒。,盾牌,0,,res/ui/saled/dp.dds,"85,85","0,0",0,0,0,0,0,0,0
11007,11,-1,0,0,0,1,1,0,3,1,1,1,5,,透视镜,使用后可穿透烟雾，不受其影响。,透视镜,0,,res/ui/saled/tsj.dds,"85,85","0,0",0,0,0,0,0,0,0
11008,11,-1,0,0,0,1,1,0,10,1,1,1,50,,透视镜10套,使用后可穿透烟雾，不受其影响。,透视镜,0,,res/ui/saled/tsj.dds,"85,85","0,0",0,0,0,0,0,0,0
11009,11,-1,0,0,0,1,1,0,30,1,1,1,150,,透视镜30套,使用后可穿透烟雾，不受其影响。,透视镜,0,,res/ui/saled/tsj.dds,"85,85","0,0",0,0,0,0,0,0,0
12001,12,-1,0,0,0,1,1,0,1,1,1,1,5,,大喊话喇叭,大喇叭可在全服显示您的话语。,大喇叭,0,,res/ui/saled/dhhlb.dds,"85,85","0,0",0,0,0,0,0,0,0
13001,13,-1,0,0,0,1,1,1,1,1,1,1,20,,职业令牌,在天赋大作战中选择任意职业。,职业令牌,0,,res/ui/saled/zylp.dds,"85,85","0,0",0,0,0,0,0,0,0
13002,13,-1,0,0,0,1,1,0,1,1,1,1,20,,双倍经验卡,"可将比赛获得经验提高200%,时间无法累加。",双倍经验,0,,res/ui/saled/sbjyk.dds,"85,85","0,0",0,0,0,0,0,0,0
13003,13,-1,0,0,0,1,1,0,1,1,1,1,20,,双倍积分卡,"可将比赛获得积分提高200%,时间无法累加。",双倍积分,0,,res/ui/saled/sbjfk.dds,"85,85","0,0",0,0,0,0,0,0,0
13004,13,-1,0,0,0,1,1,1,1,1,1,1,20,,反踢卡,可将踢你的人反踢出房间。,反踢卡,0,,res/ui/saled/ftk.dds,"85,85","0,0",0,0,0,0,0,0,0
13005,13,-1,0,0,0,1,1,1,1,1,1,1,20,,踢人卡,可将其他玩家踢出房间。,踢人卡,0,,res/ui/saled/trk.dds,"85,85","0,0",0,0,0,0,0,0,0
13014,13,-1,0,0,0,1,1,0,1,0,0,1,5,,电影兑换彩券,积满50个到官网兑换电影票,,0,,res/ui/saled/hlq.dds,"85,85","0,0",0,0,0,0,0,0,0
13015,13,-1,0,0,0,1,1,0,50,1,1,1,20,,高产卡,产量提升20%,,0,,res/ui/saled/gck.dds,"85,85","0,0",0,0,0,0,0,0,0
13016,13,-1,0,0,0,1,1,0,50,1,1,1,20,,精炼提升卡,精炼率提升20%,,0,,res/ui/saled/jltsk.dds,"85,85","0,0",0,0,0,0,0,0,0
13017,13,-1,0,0,0,1,1,0,50,1,1,1,40,,精炼高产卡,产量和精炼率提升20%,,0,,res/ui/saled/jlgck.dds,"85,85","0,0",0,0,0,0,0,0,0
13018,13,-1,0,0,0,1,1,0,50,1,1,1,20,,车间升级加速卡,车间升级加速1小时,,0,,res/ui/saled/cjsjjsk.dds,"85,85","0,0",0,0,0,0,0,0,0
13019,13,-1,0,0,0,1,1,0,50,1,1,1,20,,精炼升级加速卡,精炼炉升级、精炼率升级加速1小时,,0,,res/ui/saled/jlsjjsk.dds,"85,85","0,0",0,0,0,0,0,0,0
13020,13,-1,0,0,0,1,1,0,50,1,1,1,20,,赛车制造加速卡,赛车制造加速1小时,,0,,res/ui/saled/sczzjsk.dds,"85,85","0,0",0,0,0,0,0,0,0
13021,13,-1,0,0,0,1,1,0,50,1,1,1,40,,车间升级加速卡II,车间升级加速6小时,,0,,res/ui/saled/cjsjjsk.dds,"85,85","0,0",0,0,0,0,0,0,0
13022,13,-1,0,0,0,1,1,0,50,1,1,1,40,,精炼升级加速卡II,精炼炉升级、精炼率升级加速6小时,,0,,res/ui/saled/jlsjjsk.dds,"85,85","0,0",0,0,0,0,0,0,0
13023,13,-1,0,0,0,1,1,0,50,1,1,1,40,,赛车制造加速卡II,赛车制造加速6小时,,0,,res/ui/saled/sczzjsk.dds,"85,85","0,0",0,0,0,0,0,0,0
13024,13,-1,0,0,0,1,1,0,50,1,1,1,40,,高产卡2,产量提升30%,,0,,res/ui/saled/gck.dds,"85,85","0,0",0,0,0,0,0,0,0
13025,13,-1,0,0,0,1,1,0,1,1,1,1,100,,欢乐券,任务模式欢乐关的入场券,,0,,res/ui/saled/hlq.dds,"85,85","0,0",0,0,0,0,0,0,0
13026,13,-1,0,0,0,1,1,0,1,1,1,1,50,,熔炼幸运卡,熔炼成功率提升20%,,0,,res/ui/saled/rlxyc.dds,"85,85","0,0",0,0,0,0,0,0,0
13027,13,-1,0,0,0,1,1,0,1,1,1,1,50,,熔炼催化剂,装备熔炼的必备物品。,,0,,res/ui/saled/cuihuaji.dds,"85,85","0,0",0,0,0,0,0,0,0
13028,13,-1,0,0,0,1,1,0,1,1,1,1,10,,1级经验卡,增加经验1000点,,0,,res/ui/saled/jinyanka1.dds,"85,85","0,0",0,0,0,0,0,0,0
13029,13,-1,0,0,0,1,1,0,1,1,1,1,20,,2级经验卡,增加经验5000点,,0,,res/ui/saled/jinyanka2.dds,"85,85","0,0",0,0,0,0,0,0,0
13030,13,-1,0,0,0,1,1,0,1,1,1,1,30,,经验卡,增加经验200点,,0,,res/ui/saled/jinyanka0.dds,"85,85","0,0",0,0,0,0,0,0,0
13031,13,-1,0,0,0,1,1,0,1,1,1,1,10,,积分卡(小),增加积分100点,,0,,res/ui/saled/jifenka1.dds,"85,85","0,0",0,0,0,0,0,0,0
13032,13,-1,0,0,0,1,1,0,1,1,1,1,20,,积分卡(中),增加积分500点,,0,,res/ui/saled/jifenka2.dds,"85,85","0,0",0,0,0,0,0,0,0
13033,13,-1,0,0,0,1,1,0,1,1,1,1,30,,积分卡(大),增加积分2000点,,0,,res/ui/saled/jifenka3.dds,"85,85","0,0",0,0,0,0,0,0,0
13034,13,-1,0,0,0,1,1,0,1,1,1,1,30,,老木钥匙,可以打开老木宝箱,,0,,res/ui/saled/mys.dds,"85,85","0,0",0,0,0,0,0,0,0
13035,13,-1,0,0,0,1,1,0,1,1,1,1,30,,古铜钥匙,可以打开古铜宝箱,,0,,res/ui/saled/tys.dds,"85,85","0,0",0,0,0,0,0,0,0
13036,13,-1,0,0,0,1,1,0,1,1,1,1,30,,银心钥匙,可以打开银心宝箱,,0,,res/ui/saled/yys.dds,"85,85","0,0",0,0,0,0,0,0,0
13037,13,-1,0,0,0,1,1,0,1,1,1,1,30,,黄金钥匙,可以打开黄金宝箱,,0,,res/ui/saled/jys.dds,"85,85","0,0",0,0,0,0,0,0,0
13038,13,-1,0,0,0,1,1,0,1,1,1,1,100,,精力瓶(小),增加精力20点,,0,,res/ui/saled/jinli1.dds,"85,85","0,0",0,0,0,0,0,0,0
13039,13,-1,0,0,0,1,1,0,1,1,1,1,100,,精力瓶(中),增加精力50点,,0,,res/ui/saled/jinli2.dds,"85,85","0,0",0,0,0,0,0,0,0
15001,14,-1,0,0,0,1,1,0,1,1,1,0,10,,炽热引擎,,,1,res\model\avatar\peijian\yinqing\white.dat,,,,-27,5,0,0,0.2,1,1
15002,14,-1,0,0,0,1,1,0,1,1,1,0,10,,冲锋引擎,,,1,res\model\avatar\peijian\yinqing\white.dat,,,,-27,5,0,0,0.2,1,1
15003,14,-1,0,0,0,1,1,0,1,1,1,0,10,,烈风引擎,,,1,res\model\avatar\peijian\yinqing\white.dat,,,,-27,5,0,0,0.2,1,1
15004,14,-1,0,0,0,1,1,0,1,1,1,0,10,,位移引擎,,,1,res\model\avatar\peijian\yinqing\white.dat,,,,-27,5,0,0,0.2,1,1
15005,14,-1,0,0,0,1,1,0,1,1,1,0,10,,律动引擎,,,1,res\model\avatar\peijian\yinqing\white.dat,,,,-27,5,0,0,0.2,1,1
15006,14,-1,0,0,0,1,1,0,1,1,1,0,10,,极漂引擎,,,1,res\model\avatar\peijian\yinqing\white.dat,,,,-27,5,0,0,0.2,1,1
15007,14,-1,0,0,0,1,1,0,1,1,1,0,10,,追风引擎,,,1,res\model\avatar\peijian\yinqing\white.dat,,,,-27,5,0,0,0.2,1,1
15008,14,-1,0,0,0,1,1,0,1,1,1,0,10,,红莲引擎,,,1,res\model\avatar\peijian\yinqing\white.dat,,,,-27,5,0,0,0.2,1,1
15009,14,-1,0,0,0,1,1,0,1,1,1,0,15,,飞箭引擎,,,1,res\model\avatar\peijian\yinqing\green.dat,,,,-27,5,0,0,0.2,1,1
15010,14,-1,0,0,0,1,1,0,1,1,1,0,15,,绝尘引擎,,,1,res\model\avatar\peijian\yinqing\green.dat,,,,-27,5,0,0,0.2,1,1
15011,14,-1,0,0,0,1,1,0,1,1,1,0,15,,逍遥引擎,,,1,res\model\avatar\peijian\yinqing\green.dat,,,,-27,5,0,0,0.2,1,1
15012,14,-1,0,0,0,1,1,0,1,1,1,0,15,,风行引擎,,,1,res\model\avatar\peijian\yinqing\green.dat,,,,-27,5,0,0,0.2,1,1
15013,14,-1,0,0,0,1,1,0,1,1,1,0,15,,奔逸引擎,,,1,res\model\avatar\peijian\yinqing\green.dat,,,,-27,5,0,0,0.2,1,1
15014,14,-1,0,0,0,1,1,0,1,1,1,0,15,,音速引擎,,,1,res\model\avatar\peijian\yinqing\green.dat,,,,-27,5,0,0,0.2,1,1
15015,14,-1,0,0,0,1,1,0,1,1,1,0,30,,风驰引擎,,,1,res\model\avatar\peijian\yinqing\blue.dat,,,,-27,5,0,0,0.2,1,1
15016,14,-1,0,0,0,1,1,0,1,1,1,0,30,,电光引擎,,,1,res\model\avatar\peijian\yinqing\blue.dat,,,,-27,5,0,0,0.2,1,1
15017,14,-1,0,0,0,1,1,0,1,1,1,0,30,,极速引擎,,,1,res\model\avatar\peijian\yinqing\blue.dat,,,,-27,5,0,0,0.2,1,1
15018,14,-1,0,0,0,1,1,0,1,1,1,0,30,,仙缘引擎,,,1,res\model\avatar\peijian\yinqing\blue.dat,,,,-27,5,0,0,0.2,1,1
15019,14,-1,0,0,0,1,1,0,1,1,1,0,60,,流星引擎,,,1,res\model\avatar\peijian\yinqing\purple.dat,,,,-27,5,0,0,0.2,1,1
15020,14,-1,0,0,0,1,1,0,1,1,1,0,60,,飓风引擎,,,1,res\model\avatar\peijian\yinqing\purple.dat,,,,-27,5,0,0,0.2,1,1
15021,14,-1,0,0,0,1,1,0,1,1,1,0,60,,雷鸣引擎,,,1,res\model\avatar\peijian\yinqing\purple.dat,,,,-27,5,0,0,0.2,1,1
15022,14,-1,0,0,0,1,1,0,1,1,1,0,60,,烈焰引擎,,,1,res\model\avatar\peijian\yinqing\purple.dat,,,,-27,5,0,0,0.2,1,1
15023,14,-1,0,0,0,1,1,0,1,1,1,0,100,,天使引擎,,,1,res\model\avatar\peijian\yinqing\orange.dat,,,,-27,5,0,0,0.2,1,1
15024,14,-1,0,0,0,1,1,0,1,1,1,0,100,,恶魔引擎,,,1,res\model\avatar\peijian\yinqing\orange.dat,,,,-27,5,0,0,0.2,1,1
16000,15,-1,0,0,0,1,1,0,1,1,1,0,5,,炽热轮胎,,,1,res\model\avatar\peijian\luntai\white.dat,,,,-23,3,0,0,0.2,1,1
16001,15,-1,0,0,0,1,1,0,1,1,1,0,10,,普通轮胎,,,1,res\model\avatar\peijian\luntai\white.dat,,,,-23,3,0,0,0.2,1,1
16002,15,-1,0,0,0,1,1,0,1,1,1,0,10,,冲锋轮胎,,,1,res\model\avatar\peijian\luntai\white.dat,,,,-23,3,0,0,0.2,1,1
16003,15,-1,0,0,0,1,1,0,1,1,1,0,10,,烈风轮胎,,,1,res\model\avatar\peijian\luntai\white.dat,,,,-23,3,0,0,0.2,1,1
16004,15,-1,0,0,0,1,1,0,1,1,1,0,10,,位移轮胎,,,1,res\model\avatar\peijian\luntai\white.dat,,,,-23,3,0,0,0.2,1,1
16005,15,-1,0,0,0,1,1,0,1,1,1,0,10,,律动轮胎,,,1,res\model\avatar\peijian\luntai\white.dat,,,,-23,3,0,0,0.2,1,1
16006,15,-1,0,0,0,1,1,0,1,1,1,0,10,,极漂轮胎,,,1,res\model\avatar\peijian\luntai\white.dat,,,,-23,3,0,0,0.2,1,1
16007,15,-1,0,0,0,1,1,0,1,1,1,0,10,,追风轮胎,,,1,res\model\avatar\peijian\luntai\white.dat,,,,-23,3,0,0,0.2,1,1
16008,15,-1,0,0,0,1,1,0,1,1,1,0,10,,红莲轮胎,,,1,res\model\avatar\peijian\luntai\white.dat,,,,-23,3,0,0,0.2,1,1
16009,15,-1,0,0,0,1,1,0,1,1,1,0,15,,飞箭轮胎,,,1,res\model\avatar\peijian\luntai\green.dat,,,,-23,3,0,0,0.2,1,1
16010,15,-1,0,0,0,1,1,0,1,1,1,0,15,,绝尘轮胎,,,1,res\model\avatar\peijian\luntai\green.dat,,,,-23,3,0,0,0.2,1,1
16011,15,-1,0,0,0,1,1,0,1,1,1,0,15,,逍遥轮胎,,,1,res\model\avatar\peijian\luntai\green.dat,,,,-23,3,0,0,0.2,1,1
16012,15,-1,0,0,0,1,1,0,1,1,1,0,15,,风行轮胎,,,1,res\model\avatar\peijian\luntai\green.dat,,,,-23,3,0,0,0.2,1,1
16013,15,-1,0,0,0,1,1,0,1,1,1,0,15,,奔逸轮胎,,,1,res\model\avatar\peijian\luntai\green.dat,,,,-23,3,0,0,0.2,1,1
16014,15,-1,0,0,0,1,1,0,1,1,1,0,15,,音速轮胎,,,1,res\model\avatar\peijian\luntai\green.dat,,,,-23,3,0,0,0.2,1,1
16015,15,-1,0,0,0,1,1,0,1,1,1,0,30,,风驰轮胎,,,1,res\model\avatar\peijian\luntai\blue.dat,,,,-23,3,0,0,0.2,1,1
16016,15,-1,0,0,0,1,1,0,1,1,1,0,30,,电光轮胎,,,1,res\model\avatar\peijian\luntai\blue.dat,,,,-23,3,0,0,0.2,1,1
16017,15,-1,0,0,0,1,1,0,1,1,1,0,30,,极速轮胎,,,1,res\model\avatar\peijian\luntai\blue.dat,,,,-23,3,0,0,0.2,1,1
16018,15,-1,0,0,0,1,1,0,1,1,1,0,30,,仙缘轮胎,,,1,res\model\avatar\peijian\luntai\blue.dat,,,,-23,3,0,0,0.2,1,1
16019,15,-1,0,0,0,1,1,0,1,1,1,0,60,,流星轮胎,,,1,res\model\avatar\peijian\luntai\purple.dat,,,,-23,3,0,0,0.2,1,1
16020,15,-1,0,0,0,1,1,0,1,1,1,0,60,,飓风轮胎,,,1,res\model\avatar\peijian\luntai\purple.dat,,,,-23,3,0,0,0.2,1,1
16021,15,-1,0,0,0,1,1,0,1,1,1,0,60,,雷鸣轮胎,,,1,res\model\avatar\peijian\luntai\purple.dat,,,,-23,3,0,0,0.2,1,1
16022,15,-1,0,0,0,1,1,0,1,1,1,0,60,,烈焰轮胎,,,1,res\model\avatar\peijian\luntai\purple.dat,,,,-23,3,0,0,0.2,1,1
16023,15,-1,0,0,0,1,1,0,1,1,1,0,100,,天使轮胎,,,1,res\model\avatar\peijian\luntai\orange.dat,,,,-23,3,0,0,0.2,1,1
16024,15,-1,0,0,0,1,1,0,1,1,1,0,100,,恶魔轮胎,,,1,res\model\avatar\peijian\luntai\orange.dat,,,,-23,3,0,0,0.2,1,1
17001,16,-1,0,0,0,1,1,0,1,1,1,0,10,,炽热底盘,,,1,res\model\avatar\peijian\dipan\white.dat,,,,-43,5,0,0,0.3,1,1
17002,16,-1,0,0,0,1,1,0,1,1,1,0,10,,冲锋底盘,,,1,res\model\avatar\peijian\dipan\white.dat,,,,-43,5,0,0,0.3,1,1
17003,16,-1,0,0,0,1,1,0,1,1,1,0,10,,烈风底盘,,,1,res\model\avatar\peijian\dipan\white.dat,,,,-43,5,0,0,0.3,1,1
17004,16,-1,0,0,0,1,1,0,1,1,1,0,10,,位移底盘,,,1,res\model\avatar\peijian\dipan\white.dat,,,,-43,5,0,0,0.3,1,1
17005,16,-1,0,0,0,1,1,0,1,1,1,0,10,,律动底盘,,,1,res\model\avatar\peijian\dipan\white.dat,,,,-43,5,0,0,0.3,1,1
17006,16,-1,0,0,0,1,1,0,1,1,1,0,10,,极漂底盘,,,1,res\model\avatar\peijian\dipan\white.dat,,,,-43,5,0,0,0.3,1,1
17007,16,-1,0,0,0,1,1,0,1,1,1,0,10,,追风底盘,,,1,res\model\avatar\peijian\dipan\white.dat,,,,-43,5,0,0,0.3,1,1
17008,16,-1,0,0,0,1,1,0,1,1,1,0,10,,红莲底盘,,,1,res\model\avatar\peijian\dipan\white.dat,,,,-43,5,0,0,0.3,1,1
17009,16,-1,0,0,0,1,1,0,1,1,1,0,15,,飞箭底盘,,,1,res\model\avatar\peijian\dipan\green.dat,,,,-43,5,0,0,0.3,1,1
17010,16,-1,0,0,0,1,1,0,1,1,1,0,15,,绝尘底盘,,,1,res\model\avatar\peijian\dipan\green.dat,,,,-43,5,0,0,0.3,1,1
17011,16,-1,0,0,0,1,1,0,1,1,1,0,15,,逍遥底盘,,,1,res\model\avatar\peijian\dipan\green.dat,,,,-43,5,0,0,0.3,1,1
17012,16,-1,0,0,0,1,1,0,1,1,1,0,15,,风行底盘,,,1,res\model\avatar\peijian\dipan\green.dat,,,,-43,5,0,0,0.3,1,1
17013,16,-1,0,0,0,1,1,0,1,1,1,0,15,,奔逸底盘,,,1,res\model\avatar\peijian\dipan\green.dat,,,,-43,5,0,0,0.3,1,1
17014,16,-1,0,0,0,1,1,0,1,1,1,0,15,,音速底盘,,,1,res\model\avatar\peijian\dipan\green.dat,,,,-43,5,0,0,0.3,1,1
17015,16,-1,0,0,0,1,1,0,1,1,1,0,30,,风驰底盘,,,1,res\model\avatar\peijian\dipan\blue.dat,,,,-43,5,0,0,0.3,1,1
17016,16,-1,0,0,0,1,1,0,1,1,1,0,30,,电光底盘,,,1,res\model\avatar\peijian\dipan\blue.dat,,,,-43,5,0,0,0.3,1,1
17017,16,-1,0,0,0,1,1,0,1,1,1,0,30,,极速底盘,,,1,res\model\avatar\peijian\dipan\blue.dat,,,,-43,5,0,0,0.3,1,1
17018,16,-1,0,0,0,1,1,0,1,1,1,0,30,,仙缘底盘,,,1,res\model\avatar\peijian\dipan\blue.dat,,,,-43,5,0,0,0.3,1,1
17019,16,-1,0,0,0,1,1,0,1,1,1,0,60,,流星底盘,,,1,res\model\avatar\peijian\dipan\purple.dat,,,,-43,5,0,0,0.3,1,1
17020,16,-1,0,0,0,1,1,0,1,1,1,0,60,,飓风底盘,,,1,res\model\avatar\peijian\dipan\purple.dat,,,,-43,5,0,0,0.3,1,1
17021,16,-1,0,0,0,1,1,0,1,1,1,0,60,,雷鸣底盘,,,1,res\model\avatar\peijian\dipan\purple.dat,,,,-43,5,0,0,0.3,1,1
17022,16,-1,0,0,0,1,1,0,1,1,1,0,60,,烈焰底盘,,,1,res\model\avatar\peijian\dipan\purple.dat,,,,-43,5,0,0,0.3,1,1
17023,16,-1,0,0,0,1,1,0,1,1,1,0,100,,天使底盘,,,1,res\model\avatar\peijian\dipan\orange.dat,,,,-43,5,0,0,0.3,1,1
17024,16,-1,0,0,0,1,1,0,1,1,1,0,100,,恶魔底盘,,,1,res\model\avatar\peijian\dipan\orange.dat,,,,-43,5,0,0,0.3,1,1
18001,17,-1,0,0,0,1,1,0,1,1,1,0,10,,炽热转向,,,1,res\model\avatar\peijian\zhuanxiang\white.dat,,,,-28,5,0,0,0.2,1,1
18002,17,-1,0,0,0,1,1,0,1,1,1,0,10,,冲锋转向,,,1,res\model\avatar\peijian\zhuanxiang\white.dat,,,,-28,5,0,0,0.2,1,1
18003,17,-1,0,0,0,1,1,0,1,1,1,0,10,,烈风转向,,,1,res\model\avatar\peijian\zhuanxiang\white.dat,,,,-28,5,0,0,0.2,1,1
18004,17,-1,0,0,0,1,1,0,1,1,1,0,10,,位移转向,,,1,res\model\avatar\peijian\zhuanxiang\white.dat,,,,-28,5,0,0,0.2,1,1
18005,17,-1,0,0,0,1,1,0,1,1,1,0,10,,律动转向,,,1,res\model\avatar\peijian\zhuanxiang\white.dat,,,,-28,5,0,0,0.2,1,1
18006,17,-1,0,0,0,1,1,0,1,1,1,0,10,,极漂转向,,,1,res\model\avatar\peijian\zhuanxiang\white.dat,,,,-28,5,0,0,0.2,1,1
18007,17,-1,0,0,0,1,1,0,1,1,1,0,10,,追风转向,,,1,res\model\avatar\peijian\zhuanxiang\white.dat,,,,-28,5,0,0,0.2,1,1
18008,17,-1,0,0,0,1,1,0,1,1,1,0,10,,红莲转向,,,1,res\model\avatar\peijian\zhuanxiang\white.dat,,,,-28,5,0,0,0.2,1,1
18009,17,-1,0,0,0,1,1,0,1,1,1,0,15,,飞箭转向,,,1,res\model\avatar\peijian\zhuanxiang\green.dat,,,,-28,5,0,0,0.2,1,1
18010,17,-1,0,0,0,1,1,0,1,1,1,0,15,,绝尘转向,,,1,res\model\avatar\peijian\zhuanxiang\green.dat,,,,-28,5,0,0,0.2,1,1
18011,17,-1,0,0,0,1,1,0,1,1,1,0,15,,逍遥转向,,,1,res\model\avatar\peijian\zhuanxiang\green.dat,,,,-28,5,0,0,0.2,1,1
18012,17,-1,0,0,0,1,1,0,1,1,1,0,15,,风行转向,,,1,res\model\avatar\peijian\zhuanxiang\green.dat,,,,-28,5,0,0,0.2,1,1
18013,17,-1,0,0,0,1,1,0,1,1,1,0,15,,奔逸转向,,,1,res\model\avatar\peijian\zhuanxiang\green.dat,,,,-28,5,0,0,0.2,1,1
18014,17,-1,0,0,0,1,1,0,1,1,1,0,15,,音速转向,,,1,res\model\avatar\peijian\zhuanxiang\green.dat,,,,-28,5,0,0,0.2,1,1
18015,17,-1,0,0,0,1,1,0,1,1,1,0,30,,风驰转向,,,1,res\model\avatar\peijian\zhuanxiang\blue.dat,,,,-28,5,0,0,0.2,1,1
18016,17,-1,0,0,0,1,1,0,1,1,1,0,30,,电光转向,,,1,res\model\avatar\peijian\zhuanxiang\blue.dat,,,,-28,5,0,0,0.2,1,1
18017,17,-1,0,0,0,1,1,0,1,1,1,0,30,,极速转向,,,1,res\model\avatar\peijian\zhuanxiang\blue.dat,,,,-28,5,0,0,0.2,1,1
18018,17,-1,0,0,0,1,1,0,1,1,1,0,30,,仙缘转向,,,1,res\model\avatar\peijian\zhuanxiang\blue.dat,,,,-28,5,0,0,0.2,1,1
18019,17,-1,0,0,0,1,1,0,1,1,1,0,60,,流星转向,,,1,res\model\avatar\peijian\zhuanxiang\purple.dat,,,,-28,5,0,0,0.2,1,1
18020,17,-1,0,0,0,1,1,0,1,1,1,0,60,,飓风转向,,,1,res\model\avatar\peijian\zhuanxiang\purple.dat,,,,-28,5,0,0,0.2,1,1
18021,17,-1,0,0,0,1,1,0,1,1,1,0,60,,雷鸣转向,,,1,res\model\avatar\peijian\zhuanxiang\purple.dat,,,,-28,5,0,0,0.2,1,1
18022,17,-1,0,0,0,1,1,0,1,1,1,0,60,,烈焰转向,,,1,res\model\avatar\peijian\zhuanxiang\purple.dat,,,,-28,5,0,0,0.2,1,1
18023,17,-1,0,0,0,1,1,0,1,1,1,0,100,,天使转向,,,1,res\model\avatar\peijian\zhuanxiang\orange.dat,,,,-28,5,0,0,0.2,1,1
18024,17,-1,0,0,0,1,1,0,1,1,1,0,100,,恶魔转向,,,1,res\model\avatar\peijian\zhuanxiang\orange.dat,,,,-28,5,0,0,0.2,1,1
19001,18,-1,0,0,0,1,1,0,1,1,1,1,10,,特殊图纸1,红牛赛车的生产图纸,,0,,res/ui/saled/tstz1.dds,"85,85","0,0",0,0,0,0,0,0,0
19002,18,-1,0,0,0,1,1,0,1,1,1,1,10,,特殊图纸2,烈鸟赛车的生产图纸,,0,,res/ui/saled/tstz2.dds,"85,85","0,0",0,0,0,0,0,0,0
19003,18,-1,0,0,0,1,1,0,1,1,1,1,5,,特殊图纸3,,,0,,res/ui/saled/ls1.dds,"85,85","0,0",0,0,0,0,0,0,0
19004,18,-1,0,0,0,1,1,0,1,1,1,1,5,,特殊图纸4,,,0,,res/ui/saled/ls1.dds,"85,85","0,0",0,0,0,0,0,0,0
19005,18,-1,0,0,0,1,1,0,1,1,1,1,5,,特殊图纸5,,,0,,res/ui/saled/ls1.dds,"85,85","0,0",0,0,0,0,0,0,0
20001,19,0,0,0,0,1,1,7,1,1,1,1,50,,男套装1,,,1,res/model/avatar/Boy/suit/saiche_boy_suit_18.dat,,,,-75,37,0,0,0.2,1,1
25001,19,1,0,0,0,1,1,7,1,1,1,1,50,,女熊猫,,,1,res/model/avatar/girl/suit/saiche_girl_suit_01.dat,,,,-75,35,0,0,0.2,1,1
26000,21,-1,0,0,0,1,1,0,1,0,1,1,10,,新手礼包,300经验、500积分、欢乐券2张、逍遥引擎(绿)-E品质一个、双倍经验卡、双倍积分卡、车间升级加速卡、精炼升级加速各1张、大喊话喇叭、超级针、盾牌、透视镜各5个,,0,,res/ui/saled/xslb.dds,"85,85","0,0",0,0,0,0,0,0,0
26001,21,-1,0,0,0,1,1,0,1,1,1,1,20,,日常任务礼包（小）,随机获得一个配件（等级D级以下包括D级，成色为白、绿色）,,0,,res/ui/saled/lx.dds,"85,85","0,0",0,0,0,0,0,0,0
26002,21,-1,0,0,0,1,1,0,1,1,1,1,40,,日常任务礼包（中）,随机获得一个配件（等级最高为C级，成色为白、绿、蓝、紫）,,0,,res/ui/saled/lz.dds,"85,85","0,0",0,0,0,0,0,0,0
26003,21,-1,0,0,0,1,1,0,1,1,1,1,60,,日常任务礼包（大）,随机获得一个配件（等级最高为C级，成色为白、绿、蓝、紫）,,0,,res/ui/saled/ld.dds,"85,85","0,0",0,0,0,0,0,0,0
26004,21,-1,0,0,0,1,1,0,1,1,1,1,80,,日常任务礼包（特）,随机获得一个配件（等级最高为C级，成色为白、绿、蓝、紫、橙）,,0,,res/ui/saled/lt.dds,"85,85","0,0",0,0,0,0,0,0,0
26005,21,-1,0,0,0,1,1,0,1,1,1,1,100,,一级晶体包,随机获得一级晶体10个,,0,,res/ui/saled/jingbao1.dds,"85,85","0,0",0,0,0,0,0,0,0
26006,21,-1,0,0,0,1,1,0,1,1,1,1,100,,二级晶体包,随机获得二级晶体10个,,0,,res/ui/saled/jingbao2.dds,"85,85","0,0",0,0,0,0,0,0,0
26007,21,-1,0,0,0,1,1,0,1,1,1,1,100,,三级晶体包,随机获得三级晶体10个,,0,,res/ui/saled/jingbao3.dds,"85,85","0,0",0,0,0,0,0,0,0
26008,21,-1,0,0,0,1,1,0,1,1,1,1,100,,四级晶体包,随机获得四级晶体10个,,0,,res/ui/saled/jingbao4.dds,"85,85","0,0",0,0,0,0,0,0,0
26009,21,-1,0,0,0,1,1,0,1,1,1,1,100,,五级晶体包,随机获得五级晶体10个,,0,,res/ui/saled/jingbao5.dds,"85,85","0,0",0,0,0,0,0,0,0
26010,21,-1,0,0,0,1,1,0,1,1,1,1,100,,六级晶体包,随机获得六级晶体10个,,0,,res/ui/saled/jingbao6.dds,"85,85","0,0",0,0,0,0,0,0,0
26011,21,-1,0,0,0,1,1,0,1,1,1,1,100,,七级晶体包,随机获得七级晶体10个,,0,,res/ui/saled/jingbao7.dds,"85,85","0,0",0,0,0,0,0,0,0
26012,21,-1,0,0,0,1,1,0,1,1,1,1,100,,八级晶体包,随机获得八级晶体10个,,0,,res/ui/saled/jingbao8.dds,"85,85","0,0",0,0,0,0,0,0,0
26013,21,-1,0,0,0,1,1,0,1,1,1,1,100,,九级晶体包,随机获得九级晶体10个,,0,,res/ui/saled/jingbao9.dds,"85,85","0,0",0,0,0,0,0,0,0
26014,21,-1,0,0,0,1,1,0,1,1,1,1,100,,十级晶体包,随机获得十级晶体10个,,0,,res/ui/saled/jingbao10.dds,"85,85","0,0",0,0,0,0,0,0,0
26015,21,-1,0,0,0,1,1,0,1,1,1,1,100,,经验礼包,打开后随机获得一定经验！,,0,,res/ui/saled/jinyanbao.dds,"85,85","0,0",0,0,0,0,0,0,0
26016,21,-1,0,0,0,1,1,0,1,1,1,1,100,,积分礼包,打开后随机获得一定积分！,,0,,res/ui/saled/jifenbao.dds,"85,85","0,0",0,0,0,0,0,0,0
26017,21,-1,0,0,0,1,1,0,1,1,1,1,100,,打工礼包,打开后随机获得功能道具一个！,,0,,res/ui/saled/ls1.dds,"85,85","0,0",0,0,0,0,0,0,0
26018,21,-1,0,0,0,1,1,0,1,1,1,1,100,,老木宝箱,打开后随机获得物品一个！有几率获得绿色套件哦！,,0,,res/ui/saled/mbx.dds,"85,85","0,0",0,0,0,0,0,0,0
26019,21,-1,0,0,0,1,1,0,1,1,1,1,100,,古铜宝箱,打开后随机获得物品一个！有几率获得蓝色套件哦！,,0,,res/ui/saled/tbx.dds,"85,85","0,0",0,0,0,0,0,0,0
26020,21,-1,0,0,0,1,1,0,1,1,1,1,100,,银心宝箱,打开后随机获得物品一个！有几率获得紫色套件哦！,,0,,res/ui/saled/ybx.dds,"85,85","0,0",0,0,0,0,0,0,0
26021,21,-1,0,0,0,1,1,0,1,1,1,1,100,,黄金宝箱,打开后随机获得物品一个！有几率获得极品橙色配件哦！,,0,,res/ui/saled/jbx.dds,"85,85","0,0",0,0,0,0,0,0,0
26022,21,-1,0,0,0,1,1,0,1,1,1,1,100,,简单礼包,,,0,,res/ui/saled/jbx.dds,"85,85","0,0",0,0,0,0,0,0,0
26023,21,-1,0,0,0,1,1,0,1,1,1,1,100,,困难礼包,,,0,,res/ui/saled/jbx.dds,"85,85","0,0",0,0,0,0,0,0,0
26024,21,-1,0,0,0,1,1,0,1,1,1,1,100,,激活礼包,打开后获得欢乐券5张、积分2000，眼镜1个、2级、3级晶体，幸运熔炼卡5张、车间升级加速卡3张、赛车升级加速卡3张、精炼升级加速卡3张。,,0,,res/ui/saled/jihuolibao.dds,"85,85","0,0",0,0,0,0,0,0,0
27001,22,-1,0,0,0,1,1,0,1,1,1,1,0,,星之沙1,,,0,,res/ui/saled/xzs1.dds,"85,85","0,0",0,0,0,0,0,0,0
27002,22,-1,0,0,0,1,1,0,1,1,1,1,0,,星之沙2,,,0,,res/ui/saled/xzs2.dds,"85,85","0,0",0,0,0,0,0,0,0
27003,22,-1,0,0,0,1,1,0,1,1,1,1,0,,星之沙3,,,0,,res/ui/saled/xzs3.dds,"85,85","0,0",0,0,0,0,0,0,0
27004,22,-1,0,0,0,1,1,0,1,1,1,1,0,,星之沙4,,,0,,res/ui/saled/xzs4.dds,"85,85","0,0",0,0,0,0,0,0,0
27005,22,-1,0,0,0,1,1,0,1,1,1,1,0,,星之沙5,,,0,,res/ui/saled/xzs5.dds,"85,85","0,0",0,0,0,0,0,0,0
27006,22,-1,0,0,0,1,1,0,1,1,1,1,0,,翠绿树叶1,,,0,,res/ui/saled/ly1.dds,"85,85","0,0",0,0,0,0,0,0,0
27007,22,-1,0,0,0,1,1,0,1,1,1,1,0,,翠绿树叶2,,,0,,res/ui/saled/ly2.dds,"85,85","0,0",0,0,0,0,0,0,0
27008,22,-1,0,0,0,1,1,0,1,1,1,1,0,,翠绿树叶3,,,0,,res/ui/saled/ly3.dds,"85,85","0,0",0,0,0,0,0,0,0
27009,22,-1,0,0,0,1,1,0,1,1,1,1,0,,翠绿树叶4,,,0,,res/ui/saled/ly4.dds,"85,85","0,0",0,0,0,0,0,0,0
27010,22,-1,0,0,0,1,1,0,1,1,1,1,0,,翠绿树叶5,,,0,,res/ui/saled/ly5.dds,"85,85","0,0",0,0,0,0,0,0,0
27011,22,-1,0,0,0,1,1,0,1,1,1,1,0,,璀璨冰晶1,,,0,,res/ui/saled/ccbj1.dds,"85,85","0,0",0,0,0,0,0,0,0
27012,22,-1,0,0,0,1,1,0,1,1,1,1,0,,璀璨冰晶2,,,0,,res/ui/saled/ccbj2.dds,"85,85","0,0",0,0,0,0,0,0,0
27013,22,-1,0,0,0,1,1,0,1,1,1,1,0,,璀璨冰晶3,,,0,,res/ui/saled/ccbj3.dds,"85,85","0,0",0,0,0,0,0,0,0
27014,22,-1,0,0,0,1,1,0,1,1,1,1,0,,璀璨冰晶4,,,0,,res/ui/saled/ccbj4.dds,"85,85","0,0",0,0,0,0,0,0,0
27015,22,-1,0,0,0,1,1,0,1,1,1,1,0,,璀璨冰晶5,,,0,,res/ui/saled/ccbj5.dds,"85,85","0,0",0,0,0,0,0,0,0
27016,22,-1,0,0,0,1,1,0,1,1,1,1,0,,微型小岛1,,,0,,res/ui/saled/wxxd1.dds,"85,85","0,0",0,0,0,0,0,0,0
27017,22,-1,0,0,0,1,1,0,1,1,1,1,0,,微型小岛2,,,0,,res/ui/saled/wxxd2.dds,"85,85","0,0",0,0,0,0,0,0,0
27018,22,-1,0,0,0,1,1,0,1,1,1,1,0,,微型小岛3,,,0,,res/ui/saled/wxxd3.dds,"85,85","0,0",0,0,0,0,0,0,0
27019,22,-1,0,0,0,1,1,0,1,1,1,1,0,,微型小岛4,,,0,,res/ui/saled/wxxd4.dds,"85,85","0,0",0,0,0,0,0,0,0
27020,22,-1,0,0,0,1,1,0,1,1,1,1,0,,微型小岛5,,,0,,res/ui/saled/wxxd5.dds,"85,85","0,0",0,0,0,0,0,0,0
27021,22,-1,0,0,0,1,1,0,1,1,1,1,0,,高级星之沙1,,,0,,res/ui/saled/gjxzs1.dds,"85,85","0,0",0,0,0,0,0,0,0
27022,22,-1,0,0,0,1,1,0,1,1,1,1,0,,高级星之沙2,,,0,,res/ui/saled/gjxzs2.dds,"85,85","0,0",0,0,0,0,0,0,0
27023,22,-1,0,0,0,1,1,0,1,1,1,1,0,,高级星之沙3,,,0,,res/ui/saled/gjxzs3.dds,"85,85","0,0",0,0,0,0,0,0,0
27024,22,-1,0,0,0,1,1,0,1,1,1,1,0,,高级星之沙4,,,0,,res/ui/saled/gjxzs4.dds,"85,85","0,0",0,0,0,0,0,0,0
27025,22,-1,0,0,0,1,1,0,1,1,1,1,0,,高级星之沙5,,,0,,res/ui/saled/gjxzs5.dds,"85,85","0,0",0,0,0,0,0,0,0
27026,22,-1,0,0,0,1,1,0,1,1,1,1,0,,红叶1,,,0,,res/ui/saled/hy1.dds,"85,85","0,0",0,0,0,0,0,0,0
27027,22,-1,0,0,0,1,1,0,1,1,1,1,0,,红叶2,,,0,,res/ui/saled/hy2.dds,"85,85","0,0",0,0,0,0,0,0,0
27028,22,-1,0,0,0,1,1,0,1,1,1,1,0,,红叶3,,,0,,res/ui/saled/hy3.dds,"85,85","0,0",0,0,0,0,0,0,0
27029,22,-1,0,0,0,1,1,0,1,1,1,1,0,,红叶4,,,0,,res/ui/saled/hy4.dds,"85,85","0,0",0,0,0,0,0,0,0
27030,22,-1,0,0,0,1,1,0,1,1,1,1,0,,红叶5,,,0,,res/ui/saled/hy5.dds,"85,85","0,0",0,0,0,0,0,0,0
27031,22,-1,0,0,0,1,1,0,1,1,1,1,0,,小?人1,,,0,,res/ui/saled/x/xxr1.dds,"85,85","0,0",0,0,0,0,0,0,0
27032,22,-1,0,0,0,1,1,0,1,1,1,1,0,,小雪人2,,,0,,res/ui/saled/xxr2.dds,"85,85","0,0",0,0,0,0,0,0,0
27033,22,-1,0,0,0,1,1,0,1,1,1,1,0,,小雪人3,,,0,,res/ui/saled/xxr3.dds,"85,85","0,0",0,0,0,0,0,0,0
27034,22,-1,0,0,0,1,1,0,1,1,1,1,0,,小雪人4,,,0,,res/ui/saled/xxr4.dds,"85,85","0,0",0,0,0,0,0,0,0
27035,22,-1,0,0,0,1,1,0,1,1,1,1,0,,小雪人5,,,0,,res/ui/saled/xxr5.dds,"85,85","0,0",0,0,0,0,0,0,0
27036,22,-1,0,0,0,1,1,0,1,1,1,1,0,,椰子1,,,0,,res/ui/saled/yz1.dds,"85,85","0,0",0,0,0,0,0,0,0
27037,22,-1,0,0,0,1,1,0,1,1,1,1,0,,椰子2,,,0,,res/ui/saled/yz2.dds,"85,85","0,0",0,0,0,0,0,0,0
27038,22,-1,0,0,0,1,1,0,1,1,1,1,0,,椰子3,,,0,,res/ui/saled/yz3.dds,"85,85","0,0",0,0,0,0,0,0,0
27039,22,-1,0,0,0,1,1,0,1,1,1,1,0,,椰子4,,,0,,res/ui/saled/yz4.dds,"85,85","0,0",0,0,0,0,0,0,0
27040,22,-1,0,0,0,1,1,0,1,1,1,1,0,,椰子5,,,0,,res/ui/saled/yz5.dds,"85,85","0,0",0,0,0,0,0,0,0
27041,22,-1,0,0,0,1,1,0,1,1,1,1,0,,勇气认证LV20,,,0,,res/ui/saled/lx.dds,"85,85","0,0",0,0,0,0,0,0,0
27042,22,-1,0,0,0,1,1,0,1,1,1,1,0,,勇气认证LV36,,,0,,res/ui/saled/lx.dds,"85,85","0,0",0,0,0,0,0,0,0
27043,22,-1,0,0,0,1,1,0,1,1,1,1,0,,勇气认证LV52,,,0,,res/ui/saled/lx.dds,"85,85","0,0",0,0,0,0,0,0,0
27044,22,-1,0,0,0,1,1,0,1,1,1,1,0,,勇气认证LV68,,,0,,res/ui/saled/lx.dds,"85,85","0,0",0,0,0,0,0,0,0
27045,22,-1,0,0,0,1,1,0,1,1,1,1,0,,勇气认证LV84,,,0,,res/ui/saled/lx.dds,"85,85","0,0",0,0,0,0,0,0,0
27046,22,-1,0,0,0,1,1,0,1,1,1,1,0,,普通集卡册,收集可兑换奖励,,0,,res/ui/saled/ptjkc.dds,"85,85","0,0",0,0,0,0,0,0,0
27047,22,-1,0,0,0,1,1,0,1,1,1,1,0,,高级集卡册,收集可兑换奖励,,0,,res/ui/saled/gjjkc.dds,"85,85","0,0",0,0,0,0,0,0,0
27048,22,-1,0,0,0,1,1,0,1,1,1,1,0,,狮身人面像,收集可兑换奖励,,0,,res/ui/saled/ssrmx.dds,"85,85","0,0",0,0,0,0,0,0,0
27049,22,-1,0,0,0,1,1,0,1,1,1,1,0,,粉色小花,收集可兑换奖励,,0,,res/ui/saled/fsxh.dds,"85,85","0,0",0,0,0,0,0,0,0
27050,22,-1,0,0,0,1,1,0,1,1,1,1,0,,指向企鹅,收集可兑换奖励,,0,,res/ui/saled/zxqe.dds,"85,85","0,0",0,0,0,0,0,0,0
27051,22,-1,0,0,0,1,1,0,1,1,1,1,0,,海星星,收集可兑换奖励,,0,,res/ui/saled/hxx.dds,"85,85","0,0",0,0,0,0,0,0,0
27052,22,-1,0,0,0,1,1,0,1,1,1,1,0,,梦幻卡丁车领奖证,"可参与1000Q币领奖的凭证,详见官网活动公告",,0,,res/ui/saled/ljz.dds,"85,85","0,0",0,0,0,0,0,0,0
